rus,notice,,multy,ose,,,,,,,,,,
русс,примечания,,многозначное,ир1,ир2,ир3,ир4,диг1,диг2,диг3,диг4,пр-рус,пр-ир,пр-диг
﻿а1,союз,,1.,та ,,,,,,,,,,
,,,2. (в знач. но),фæлǽ,,,,,,,,,,
а2,частица,,,ма,,,,,,,,,,
а3,межд.,,,а ,,,,,,,,,,
"абрико́с, -а",бот.,,,кура́га,,,,,,,,,,
,,,,чъе́рами,,,,,,,,,,
"абстра́ктный, - ая, -ое",,,,и́ппæрдон,,,,,,,,,,
"абха́з, -а и абхазец, -зца",,,,абха́заг ,,,,,,,,,,
"абха́зский, - ая, -ое",,,,абха́заг,,,,,,,,,,
"ава́рец, -ца",,,,ава́йраг,,,,,,,,,,
"ава́рия, -и",,,,ава́ри,,,,,,,,,,
"ава́рский, - ая, -ое",,,,ава́йраг,,,,,,,,,,
,,,,со́лиаг,,,,,,,,,,
"авиацио́нный, -ая, -ое",,,,авиа́цион,,,,,,,,,,
"авто́бус, -а",,,,авто́бус,,,,,,,,,,
"автомоби́льный, - ая, -ое",,,,автомоби́лон,,,,,,,,,,
"авторите́тный, -ая, -ое",,,,авторите́тон,,,,,,,,,,
,,,,дзырддзǽугæ,,,,,,,,,,
"аге́нство, -а",,,,аге́нтад,,,,,,,,,,
"ад, -а",рел.,,,зындо́н,,,,,,,,,,
"а́дрес, -а",,,,а́дрис,,,,,,,,,,
"адыге́ец, -йца",,,,адыге́йаг,,,,,,,,,,
"адыге́йский, - ая, -ое",,,,адыге́йаг,,,,,,,,,,
"азербайджа́нец, - ца",,,,азербайджа́йнаг ,,,,,,,,,,
"азербайджа́нский, -ая, -ое",,,,азербайджа́йнаг,,,,,,,,,,
"акти́вный, -ая, -ое",,,,акти́вон,,,,,,,,,,
"актуа́льный, -ая, -ое",,,,актуа́лон,,,,,,,,,,
"актуа́льность, -и",,,,актуа́лондзинад,,,,,,,,,,
"ала́н, -а",,,,ала́йнаг ,,,,,,,,,,
"ала́нский, -ая, -ое",,,,ала́йнаг,,,,,,,,,,
"а́лгебра, -ы",,,,а́лгебрæ,,,,,,,,,,
"алфави́т, -а",,,,да́мгъуат,,,,,,,,,,
,,,,алфави́т,,,,,,,,,,
"алыча́, -и",бот.,,,æхсы́нцъы,,,,,,,,,,
"а́льчик, -а",,,,хъул,,,,,,,,,,
"амба́р, -а",,,,къу́ту ,,,,,,,,,,
,,,,хо́рдон ,,,,,,,,,,
"америка́нец, -нца",,,,аме́рикаг ,,,,,,,,,,
"америка́нский, -ая, -ое",,,,аме́рикаг,,,,,,,,,,
"ана́лиз, -а",,,,æвзǽрст,,,,,,,,,,
,,,,ана́лиз,,,,,,,,,,
"анализи́ровать, -рую, -руешь",несов.,,,æвза́рын ,,,,,,,,,,
,,,,и́ртасын,,,,,,,,,,
,,,,ана́лиз кæнын,,,,,,,,,,
"а́нгел, -а",рел.,,,зæд,,,,,,,,,,
"англи́йский, -ая, -ое",,,,а́нглисаг,,,,,,,,,,
"англича́нин, -а",,,,а́нглисаг,,,,,,,,,,
"анти́чный, -ая, -ое",,,,а́нтикон,,,,,,,,,,
"аплоди́ровать, -рую, -руешь",несов.,,,æмдзǽгъд кæнын ,,,,,,,,,,
"аплодисме́нты, -ов",тк. мн.,,,æмдзǽгъд ,,,,,,,,,,
,,,,къу́хæмдзæгъд,,,,,,,,,,
"апре́ль, -я",,,,хуымгǽнæны мæй,,,,,,,,,,
,,,,апре́ль,,,,,,,,,,
"апте́ка, -и",,,,афте́к,,,,,,,,,,
"ара́б, -а",,,,ара́ббаг ,,,,,,,,,,
"ара́бский, - ая, -ое",,,,ара́ббаг,,,,,,,,,,
"арба́, -ы́",,,,уæрдо́н,,,,,,,,,,
"а́рмия, -и",,,,æфса́д ,,,,,,,,,,
"армяни́н, -а",,,,со́михаг ,,,,,,,,,,
"армя́нский, -ая, -ое",,,,со́михаг,,,,,,,,,,
"арома́т, -а",,,,хæрздǽф,,,,,,,,,,
"ба́бочка, -и",,,,гæлǽбу,,,,,,,,,,
"ба́бушка, -и",,,,нана́,,,,,,,,,,
,(по отцу),,,фыды́мад ,,,,,,,,,,
,(по матери) ,,,ма́дымад,,,,,,,,,,
,,,,нана́,,,,,,,,,,
"балка́рец, -рца",,,,а́сыйаг ,,,,,,,,,,
,,,,балхъа́йраг,,,,,,,,,,
"балка́рский, -ая, -ое",,,,æссо́н ,,,,,,,,,,
,,,,балхъа́йраг,,,,,,,,,,
"балко́н, -а",,,,балкъо́н,,,,,,,,,,
"балова́ть, -лу́ю, -лу́ешь",несов.,,,бу́ц кæнын,,,,,,,,,,
"бара́н, -а",,,,фыр ,,,,,,,,,,
"барбари́с, -а",бот.,,,тырты́,,,,,,,,,,
"барс, -а",зоол.,,,фыра́нк,,,,,,,,,,
"барсу́к, -а́",зоол.,,,зыгъа́рæг,,,,,,,,,,
"ба́рхат, -а",,,,хъæда́бæ,,,,,,,,,,
"батаре́я, -и",,,,батаре́й,,,,,,,,,,
"батра́к, -а́",,,,æххуы́рст,,,,,,,,,,
"ба́шня, -и",,,,мæсы́г ,,,,,,,,,,
"бе́гать, -аю, -аешь",несов.,,,згъо́рын,,,,,,,,,,
"беда́, -ы́",,,,бæллǽх,,,,,,,,,,
"бе́дность, -и",,,,мæгуы́рдзинад,,,,,,,,,,
"бе́дный, -ая, -ое",,,,мæгуы́р,,,,,,,,,,
"бедро́, -а́",,,,агъд,,,,,,,,,,
"бежа́ть, бегу́, бежи́шь",несов.,,,згъо́рын,,,,,,,,,,
без,предлог,,,æнǽ ,,,,,,,,,,
,,,,хъуаг,,,,,,,,,,
"безграни́чный, -ая, -ое",,,,æнǽкæрон,,,,,,,,,,
,,,,æгǽрон,,,,,,,,,,
"безде́льник, -а",,,,ма́гуса,,,,,,,,,,
безжа́лостно,нареч.,,,æгъа́тырæй,,,,,,,,,,
"безжа́лостность, -и",тк. ед.,,,æгъа́тырдзинад,,,,,,,,,,
"безжа́лостный, -ая, -ое",,,,æгъа́тыр,,,,,,,,,,
беззабо́тно,нареч.,,,æнǽмæтæй,,,,,,,,,,
"беззабо́тный, -ая, -ое",,,,æнǽмæт,,,,,,,,,,
"безлу́нный, -ая, -ое",,,,мæйда́р,,,,,,,,,,
"безобра́зный, -ая, -ое ",,,,æна́ккаг ,,,,,,,,,,
безогово́рочно,нареч.,,,æнǽ уæлдай ныхасæй,,,,,,,,,,
безопа́сно,,,1. нареч.,æда́сæй,,,,,,,,,,
,,,2. в функц. сказ. ,æда́с у,,,,,,,,,,
"безопа́сность, -и",тк. ед.,,,æда́сдзинад,,,,,,,,,,
"безопа́сный, -ая, -ое",,,,æда́с,,,,,,,,,,
безостано́вочно,нареч.,,,æнǽрынцойæ,,,,,,,,,,
"беле́ть, -ле́ю, -ле́ешь",несов.,,,у́рс дарын,,,,,,,,,,
"бели́ть, белю́, бе́лишь",несов.,,,чъырǽй цæгъдын,,,,,,,,,,
"бе́лка, -и",зоол.,,,æхсǽрæг ,,,,,,,,,,
,,,,æхсǽрсæттæг ,,,,,,,,,,
"белосне́жный, -ая, -ое",,,,у́рс-урсид,,,,,,,,,,
"бе́лый, -ая, -ое",,,,урс,,,,,,,,,,
"бельё, -я́",тк. ед. (нижнее),,,ми́дæггаг дарæс ,,,,,,,,,,
,,,,ми́дæггæгтæ,,,,,,,,,,
"бе́рег, -а",,,,был,,,,,,,,,,
бе́режно,нареч.,,,а́рæхстгай,,,,,,,,,,
"берёза, -ы",бот.,,,бǽрз,,,,,,,,,,
"берло́га, -и",,,,хуыкко́м,,,,,,,,,,
"бес, -а",рел.,,,дæли́мон,,,,,,,,,,
"бесе́да, -ы",,,,ныха́с,,,,,,,,,,
"бесе́довать, -дую, -дуешь",несов.,,,ныха́с кæнын,,,,,,,,,,
"бесконе́чный, -ая, -ое",,,,æгǽрон,,,,,,,,,,
беспла́тно,нареч.,,,лæва́р,,,,,,,,,,
"беспла́тный, -ая, -ое",,,,лæва́р,,,,,,,,,,
"беспоко́ить, -ко́ю, -ко́ишь",несов.,,,хъыгда́рын,,,,,,,,,,
"беспоко́иться, -ко́юсь, -ко́ишься",несов.,,,тыхсы́н,,,,,,,,,,
"беспоко́йство, -а",,,,хъынцъы́м ,,,,,,,,,,
,,,,тыхст,,,,,,,,,,
"беспра́вный, -ая, -ое",,,,æнǽбар ,,,,,,,,,,
,,,,æба́р,,,,,,,,,,
беспреры́вно,нареч.,,,æнǽсцухæй,,,,,,,,,,
"бессла́вный, -ая, ое",,,,æга́д,,,,,,,,,,
"бессме́ртный, -ая, -ое",,,,æнǽмæлгæ,,,,,,,,,,
"бессо́вестный, -ая, -ое",,,,æдзǽсгом,,,,,,,,,,
"беста́ктный, -ая, -ое",,,,æнǽрхъуыды,,,,,,,,,,
"бесче́стье, -я",,,,æга́д ,,,,,,,,,,
,,,,æга́ддзинад,,,,,,,,,,
"бесчи́сленный, -ая, -ое",,,,æнǽнымæц,,,,,,,,,,
"бешме́т, -а",,,,куырǽт,,,,,,,,,,
"Би́блия, -и",рел.,,,Би́бли,,,,,,,,,,
"би́тва, -ы",,,,тох,,,,,,,,,,
"бить, бью, бьёшь ",несов. ,,1. (кого-л.),нæмы́н,,,,,,,,,,
,,,2. (что-л.),сæтты́н,,,,,,,,,,
,,,"3. (кого-л., чем-л.) ",цæвы́н,,,,,,,,,,
"бла́го, -а",,,,хо́рздзинад ,,,,,,,,,,
"благовоспи́танность, -и",тк. ед.,,,хæрзǽгъдаудзинад,,,,,,,,,,
"благовоспи́танный, -ая, -ое",,,,хæрза́хуыр ,,,,,,,,,,
,,,,хæрзǽгъдау,,,,,,,,,,
"благодари́ть, -рю́, -ри́шь",несов.,,,бу́зныг зæгъын ,,,,,,,,,,
,,,,а́рфæ кæнын,,,,,,,,,,
"благода́ть, -и",тк. ед.,,,фарн,,,,,,,,,,
"благоде́тель, -я",,,,хæрзгǽнæг,,,,,,,,,,
"благодея́ние, -я",,,,хо́рзæх,,,,,,,,,,
"благоро́дный, -ая, ое",,,,уæзда́н,,,,,,,,,,
"бле́дный, -ая, -ое",,,,фæлу́рс,,,,,,,,,,
"блесну́ть, -ну́, нёшь",сов.,,,фе́рттивын,,,,,,,,,,
"блесте́ть, блещу́, блести́шь, а также  бле́щешь",разноспрягаем. несов.,,,æртти́вын ,,,,,,,,,,
"блестя́щий, -ая, -ее",,,,æртти́ваг,,,,,,,,,,
бли́же,нареч.,,,хæстǽгдæр ,,,,,,,,,,
,,,,æвва́хсдæр,,,,,,,,,,
"бли́жний, -яя, -ее",,,,хæстǽгдæр,,,,,,,,,,
"бли́зкий, -ая, -ое",,,,хæстǽг,,,,,,,,,,
бли́зко,нареч.,,,хæстǽг ,,,,,,,,,,
,,,,æвва́хс,,,,,,,,,,
"близне́ц, -а́",,,,фа́ззон,,,,,,,,,,
"блин, -а́",,,,ла́уыз,,,,,,,,,,
"Бог, -а",рел.,,,Хуыца́у,,,,,,,,,,
бога́то,нареч.,,,хъæзды́г,,,,,,,,,,
"бога́тство, -а",,,,хъæзды́гдзинад,,,,,,,,,,
"бога́тый, -ая, -ое",,,,хъæзды́г ,,,,,,,,,,
,,,,бо́нджын,,,,,,,,,,
"богаты́рь, -я",,,,бæгъа́тыр,,,,,,,,,,
"бо́дрый, -ая, -ое",,,,уæнгро́г,,,,,,,,,,
"бодря́щий, -ая, -ее",,,,уæнгро́ггæнæн,,,,,,,,,,
"боеспосо́бный, -ая, -ое",,,,хæцы́нхъом,,,,,,,,,,
,,,,хæстхъо́м,,,,,,,,,,
"бое́ц, бойца́",воен.,,,хæсто́н,,,,,,,,,,
"бо́жья коро́вка, божьей коровки",зоол.,,,ма́йрæмыкарк,,,,,,,,,,
"бок, -а",,,,фарс,,,,,,,,,,
"боле́ть1, -ле́ю, -ле́ешь",несов. ,,,рынчы́н уæвын,,,,,,,,,,
"боле́ть2, -лит",тк. 3 л. несов.,,,ри́ссын,,,,,,,,,,
"боло́то, -а",,,,цъыма́ра,,,,,,,,,,
"боль, -и",,,,рис ,,,,,,,,,,
,,,,рыст,,,,,,,,,,
"больни́ца, -ы",,,,рынчы́ндон,,,,,,,,,,
"больно́й1, -ного",,,,рынчы́н,,,,,,,,,,
"больно́й2, -ая, -ое",,,1. ,сахъа́т,,,,,,,,,,
,,,2. ,ри́ссаг,,,,,,,,,,
бо́льше,ср. степ.  к много,,,фылдǽр,,,,,,,,,,
"большинство́, -а",,,,фылдǽр хай,,,,,,,,,,
"большо́й, -ая, -ое",,,,стыр ,,,,,,,,,,
,,,,егъа́у,,,,,,,,,,
"боре́ц, -рца́",спорт.,,,хъæбы́сæйхæцæг,,,,,,,,,,
"борода́, -ы́",,,,за́чъе,,,,,,,,,,
"борода́тый, -ая, -ое",,,,за́чъеджын,,,,,,,,,,
"борозда́, -ы́",,,,а́уæдз,,,,,,,,,,
"боро́ться, борю́сь, бо́решься",несов.,,1.,хæцы́н,,,,,,,,,,
,,,,то́х кæнын,,,,,,,,,,
,,,2. спорт.,хъæбы́сæй хæцын ,,,,,,,,,,
"борьба́, -ы́",тк. ед.,,1.,тох,,,,,,,,,,
,,,2. спорт.,хъæбы́схæст,,,,,,,,,,
босико́м,нареч.,,,бæгъǽввадæй,,,,,,,,,,
"босо́й, -а́я, -о́е",,,,бæгъǽввад,,,,,,,,,,
"боя́рышник, -а",бот.,,,ду́рвæткъуы,,,,,,,,,,
"боя́ться, бою́сь, бои́шься",несов.,,,тæрсы́н ,,,,,,,,,,
"бра́вый, -ая, -ое",,,,сахъ,,,,,,,,,,
"брат, -а",,,,æфсы́мæр,,,,,,,,,,
"бра́тство, -а",тк. ед.,,,æфсы́мæрдзинад,,,,,,,,,,
"бра́ть, беру́, берёшь",несов.,,,и́сын,,,,,,,,,,
"бре́дить, бре́жу, бре́дишь",несов.,,,сæнттǽ цæгъдын,,,,,,,,,,
"брезгли́вый, -ая, -ое",,,,æнǽрвæссон,,,,,,,,,,
"бре́зговать, -гую, -гуешь",несов.,,,æлгъ кǽнын,,,,,,,,,,
"бре́мя, -мени",,,,уаргъ,,,,,,,,,,
"бри́тый, -ая, -ое",,,,даст,,,,,,,,,,
"брить, бре́ю, бре́ешь",несов.,,,да́сын,,,,,,,,,,
"бровь, -и",,,,æрфы́г ,,,,,,,,,,
"броди́ть, брожу́, бро́дишь",несов.,,,хæты́н,,,,,,,,,,
"бродя́га, -и",,,,дзæгъǽлхæтæг,,,,,,,,,,
"броса́ть, -а́ю, -а́ешь",несов.,,,æппа́рын ,,,,,,,,,,
"бро́сить, -шу, -сишь",сов.,,,а́ппарын ,,,,,,,,,,
,,,,фе́хсын,,,,,,,,,,
"брю́ки, брюк",тк. мн.,,,хæла́ф ,,,,,,,,,,
"брюне́т, -а",,,,са́улагъз,,,,,,,,,,
"буго́р, -ра́",,,,къуыпп,,,,,,,,,,
"буди́ть, бужу́, бу́дишь",несов.,,,хъа́л кæнын,,,,,,,,,,
бу́дто,союз,,,цыма́,,,,,,,,,,
,,,,ра́ст цыма,,,,,,,,,,
"бу́дущее, -его",,,,фи́дæн,,,,,,,,,,
"бу́дущий, -ая, -ее",,,,фи́дæны,,,,,,,,,,
"бук, -а",бот.,,,тæрс,,,,,,,,,,
"бу́ква, -ы",,,,да́мгъæ,,,,,,,,,,
"буква́рь, -я́",,,,а́бетæ,,,,,,,,,,
"бульо́н, -а",,,,бас,,,,,,,,,,
"бу́сина, -ы",,,,фæрды́г ,,,,,,,,,,
"бу́сы, бус",тк. мн.,,,фæрдгуы́тæ,,,,,,,,,,
"буто́н, -а",,,,дзæгǽрæг,,,,,,,,,,
"быва́ть, -а́ю, -а́ешь",несов.,,,вæййы́н,,,,,,,,,,
бы́стро,нареч.,,,тагъд,,,,,,,,,,
"бы́стрый, -ая, -ое",,,,тагъд ,,,,,,,,,,
быть в наст. тк. 3 л. ед. есть,,,,уын  ,,,,,,,,,,
,,,,уæвы́н,,,,,,,,,,
в о́бщем,"нареч., вводн. сл.",,,æмткǽй,,,,,,,,,,
в тако́м случае,наречное выраж.,,,уæдǽ,,,,,,,,,,
в тече́ние,предлог,,,дæргъы́,,,,,,,,,,
ва́жно,,,1. нареч.,хъа́лхуызæй ,,,,,,,,,,
,,,,схъǽлæй,,,,,,,,,,
,,,2. в знач. сказ.,а́хсджиаг у,,,,,,,,,,
"ва́жный, -ая, -ое",,,,а́хсджиаг,,,,,,,,,,
"ва́за, -ы",,,,ва́зæ,,,,,,,,,,
"вали́ть, валю́, ва́лишь",несов.,,,ка́лын,,,,,,,,,,
"валя́ть, -я́ю, -я́ешь",несов.,,,æвду́лын,,,,,,,,,,
"ва́нна, -ы",,,,ва́ннæ,,,,,,,,,,
"ва́режки, -жек",,,,æрмкъу́хтæ,,,,,,,,,,
"варёный, -ая, -ое",,,,фых,,,,,,,,,,
"вари́ть, варю́, ва́ришь",несов.,,,фыцы́н,,,,,,,,,,
"василёк, -лька",бот.,,,æрвди́динæг ,,,,,,,,,,
"ва́та, -ы",,,,бæмбǽг,,,,,,,,,,
"ва́тник, а",,,,бæмбǽджджын,,,,,,,,,,
ваш,местоим. ,,,сыма́х  ,,,,,,,,,,
,,,,уæхи́,,,,,,,,,,
,,,,уæ,,,,,,,,,,
вблизи́,"нареч., предлог",,,хæстǽг,,,,,,,,,,
вверх,нареч.,,,уæлǽмæ ,,,,,,,,,,
,,,,хæрдмǽ,,,,,,,,,,
вглубь,нареч.,,,а́рфмæ,,,,,,,,,,
вдаль,нареч.,,,да́рдмæ,,,,,,,,,,
вдвоём,нареч.,,,дыууǽйæ,,,,,,,,,,
вдо́воль,нареч.,,,фаг,,,,,,,,,,
вдоль,нареч.,,,дæргъмǽ,,,,,,,,,,
"вдохновля́ть, -я́ю, -я́ешь",,,,ра́зæнгард кæнын,,,,,,,,,,
вдруг,нареч.,,,æва́ст ,,,,,,,,,,
,,,,æви́ппайды,,,,,,,,,,
"ведро́, -а́",,,,бе́дра ,,,,,,,,,,
,,,,къæрта́,,,,,,,,,,
"веду́щий1, -ая, -ее",(основной),,,сæйра́г,,,,,,,,,,
веду́щий2 -его,,,,а́монæг,,,,,,,,,,
"ве́жливый, -ая, -ое",,,,уæзда́н ,,,,,,,,,,
,,,,æгъда́уджын,,,,,,,,,,
везде́,нареч.,,,а́лыран,,,,,,,,,,
,,,,а́лкæмдæр,,,,,,,,,,
"везти́, -зу́, -зёшь","несов. (что-л., кого-л.)",,,ла́сын,,,,,,,,,,
"век, -а",,,,æну́с,,,,,,,,,,
"велика́н, -а",,,,уæйы́г ,,,,,,,,,,
"велича́вый, -ая, -ое",,,,цæста́хадгæ,,,,,,,,,,
"величина́, -ы́",,,,ас,,,,,,,,,,
"ве́ник, -а",,,,цъылы́н,,,,,,,,,,
"ве́ра, -ы",,,,уырны́ндзинад,,,,,,,,,,
"верёвка, -и",,,,бæндǽн,,,,,,,,,,
,,,,сина́г,,,,,,,,,,
"верени́ца, -ы",,,,хал,,,,,,,,,,
"ве́рить, -рю, -ришь",несов.,,1. (во что-л.) ,уырны́н ,,,,,,,,,,
,,,"2. (кому-л., чему-л.) ",æууǽндын,,,,,,,,,,
верне́е,"ср.ст. к верно и верный, а также вводн. сл.",,,ра́стдæр та ,,,,,,,,,,
,,,,ра́стдæр зæгъгæйæ,,,,,,,,,,
ве́рно1,нареч.,,1. (правильно)  ,раст,,,,,,,,,,
,,,2. (преданно) ,и́узæрдионæй,,,,,,,,,,
ве́рно2,вводн. сл.,,,æвǽццæгæн,,,,,,,,,,
"ве́рность, -и",тк. ед.,,,и́узæрдиондзинад,,,,,,,,,,
"верну́ть, -ну́, нёшь",сов.,,1.,ра́здахын,,,,,,,,,,
,,,2. ,ра́ттын,,,,,,,,,,
"верну́ться, -ну́сь, -нёшься",сов.,,,сы́здæхын  ,,,,,,,,,,
,,,,ра́здæхын,,,,,,,,,,
"ве́рхний, -яя, -ее",,,,уæлла́г,,,,,,,,,,
"верху́шка, -и",,,,цъупп ,,,,,,,,,,
,,,,сæр,,,,,,,,,,
"верши́на, -ы",,,,цъупп ,,,,,,,,,,
"вес, -а",,,,уæз,,,,,,,,,,
"весели́ть, -лю́, -ли́шь",несов.,,,хъǽлдзæг кæнын,,,,,,,,,,
,,,,хъǽлдзæг дарын,,,,,,,,,,
ве́село,нареч.,,,хъǽлдзæгæй,,,,,,,,,,
"весёлый, -ая, -ое",,,,хъǽлдзæг,,,,,,,,,,
"весе́нний, -яя, -ее",,,,уа́лдзыгон,,,,,,,,,,
"весна́, -ы́",,,,уа́лдзæг,,,,,,,,,,
"вести́, веду́, ведёшь",несов. (кого-л.) ,,,хо́нын,,,,,,,,,,
"весть, -и",,,,уац,,,,,,,,,,
"весы́, -о́в",тк. мн.,,,тæра́з,,,,,,,,,,
весь,местоим.,,,æга́с  ,,,,,,,,,,
,,,,æппǽт,,,,,,,,,,
,,,,æнǽхъæн,,,,,,,,,,
"ветвь, -и",,,,къаба́з ,,,,,,,,,,
"ве́тер, -тра",,,,дымгǽ,,,,,,,,,,
"ве́тка, -и",,,,къа́лиу,,,,,,,,,,
"ве́чер, -а",,,,изǽр,,,,,,,,,,
ве́чером,нареч.,,,изǽрæй  ,,,,,,,,,,
,,,,изǽрыгон,,,,,,,,,,
,,,,изǽры,,,,,,,,,,
"ве́чный, -ая, -ое",,,,æну́сон,,,,,,,,,,
"ве́шать, -аю, аешь",несов.,,,а́уындзын ,,,,,,,,,,
"вещество́, -а́",,,,буа́ргъæд,,,,,,,,,,
"вещь, -и",,,,дза́ума,,,,,,,,,,
"взаимоде́йствие, -я",,,,æма́рхайд,,,,,,,,,,
"взаимосвя́зь, -и",,,,æмба́стдзинад,,,,,,,,,,
взаме́н,предлог,,,бæсты́,,,,,,,,,,
"взгляд, -а",,,,цæстǽнгас ,,,,,,,,,,
"вздох, -а",,,,су́лæфт,,,,,,,,,,
"вздохну́ть, -ну́, -нёшь",сов.,,,су́лæфын,,,,,,,,,,
"взорва́ть, -ву́, -вёшь",сов.,,,срǽмудзын,,,,,,,,,,
,,,,фехалын,,,,,,,,,,
"взрыва́ть, -а́ю, -а́ешь",несов.,,,рæму́дзын,,,,,,,,,,
,,,,ха́лын,,,,,,,,,,
"взять, возьм́у, возьмёшь",сов.,,,ра́йсын,,,,,,,,,,
"взя́ться, возьму́сь, возьмёшься",сов.,,,æрхǽцын,,,,,,,,,,
"вид, -а",,,,уынд,,,,,,,,,,
,,,,ба́каст,,,,,,,,,,
"ви́деть, ви́жу, ви́дишь",несов.,,,уыны́н,,,,,,,,,,
"видне́ться, -е́ется",тк. 3 л. несов.,,,зыны́н,,,,,,,,,,
"ви́дный, -ая, -ое",,,,зынгǽ,,,,,,,,,,
"ви́лка, -и",,,,ви́лкæ,,,,,,,,,,
"ви́лы, вил",тк. мн.,,,са́гой,,,,,,,,,,
"вина́, -ы́",,,,а́зым ,,,,,,,,,,
,,,,а́ххос,,,,,,,,,,
"виногра́д, -а",бот.,,,сæнǽфсир,,,,,,,,,,
"винто́вка, -и",воен.,,,топп,,,,,,,,,,
"вихрь, -я",,,,уад,,,,,,,,,,
"ви́шня, -и",бот.,,,бал,,,,,,,,,,
"вклад, -а",,,,æвǽрæн,,,,,,,,,,
"включа́ть, -а́ю, -а́ешь",несов.,,,"ку́сын кæнын,",,,,,,,,,,
,,,,и́фтындзын,,,,,,,,,,
"включи́ть, -чу́, чи́шь",сов.,,,ску́сын кæнын,,,,,,,,,,
,,,,си́фтындзын,,,,,,,,,,
вкось,нареч.,,,зылы́н,,,,,,,,,,
вкра́тце,нареч.,,,цыбы́ртæй,,,,,,,,,,
"вкус, -а",,,,ад,,,,,,,,,,
"вку́сный, -ая, -ое",,,,хæрза́д,,,,,,,,,,
"вла́жность, -и",тк. ед.,,,уымǽлад,,,,,,,,,,
"вла́жный, -ая, -ое",,,,уымǽл,,,,,,,,,,
"вла́ствовать, -ствую, -ствуешь",несов.,,,хи́цауиуæг кæнын,,,,,,,,,,
"власть, -и",,,,хи́цаудзинад,,,,,,,,,,
"влия́ние, -я",,,,тæва́г,,,,,,,,,,
вме́сте,нареч.,,,и́умæ,,,,,,,,,,
вме́сто,предлог,,,бæсты́,,,,,,,,,,
вне,предлог,,,æддǽ,,,,,,,,,,
внеза́пно,нареч.,,,æви́ппайды,,,,,,,,,,
"внеуро́чный, -ая, -ое",,,,фǽсурокты,,,,,,,,,,
вне́шне,нареч.,,,æдда́г бакастæй,,,,,,,,,,
внешнеме́стный: падеж,,,,æдда́гбынатон: хауæн,,,,,,,,,,
"вне́шний, -яя, -ее",,,,æдда́гон ,,,,,,,,,,
,,,,æдда́г,,,,,,,,,,
"вне́шность, -и",тк. ед.,,,ба́каст,,,,,,,,,,
,,,,уынд,,,,,,,,,,
вниз,нареч.,,,бынмǽ ,,,,,,,,,,
,,,,дæлǽмæ,,,,,,,,,,
внизу́,нареч.,,,бынǽй ,,,,,,,,,,
,,,,дæле́,,,,,,,,,,
внима́тельно,нареч.,,,лæмбы́нæг,,,,,,,,,,
"внимательный, -ая, -ое",,,,лæмбы́нæг,,,,,,,,,,
вничью́,нареч.,,,хæрǽгсастæй,,,,,,,,,,
"внук, -а",,,,хъæбу́лы хъæбул,,,,,,,,,,
"вну́тренний, -яя, -ее",,,,ми́дæггаг,,,,,,,,,,
,(в сложн. сл.),,,мид-,,,,,,,,,,
внутри́,,,1. нареч.,ми́дæгæй,,,,,,,,,,
,,,2. предлог,ми́дæг,,,,,,,,,,
вовну́трь,нареч.,,,ми́дæмæ,,,,,,,,,,
во́время,нареч.,,,а́фойнадыл,,,,,,,,,,
во-вторы́х,вводн. сл.,,,дыкка́джы,,,,,,,,,,
"вода́, -ы́",,,,дон,,,,,,,,,,
"Водоле́й, -я",зодиак.,,,До́нкалæг,,,,,,,,,,
"водопа́д, -а",,,,æхсǽрдзæн,,,,,,,,,,
"водоро́д, -а",хим.,,,до́нгуыр,,,,,,,,,,
"воева́ть, вою́ю, вою́ешь",несов.,,,хæцы́н,,,,,,,,,,
,,,,то́х кæнын,,,,,,,,,,
"военнослу́жащий, -его",,,,æфсǽддон,,,,,,,,,,
"вое́нный, -ая, -ое",,,,хæсто́н,,,,,,,,,,
"вождь, -я́",,,,фæтǽг,,,,,,,,,,
"возврати́ться, -вращу́сь, -врати́шься",сов.,,,ра́здæхын,,,,,,,,,,
,,,,сы́здæхын,,,,,,,,,,
"возвраща́ть, -а́ю, -а́ешь",несов.,,,зда́хын,,,,,,,,,,
"возвраща́ться, -а́юсь, -а́ешься",несов.,,,здǽхын ,,,,,,,,,,
"возвы́шенность, -и",,,,уæлвǽз,,,,,,,,,,
"возгорди́ться, -горжу́сь, -горди́шься",сов.,,,ныббу́ц уæвын,,,,,,,,,,
"во́здух, -а",,,,уæлдǽф,,,,,,,,,,
"вози́ть, вожу́, во́зишь",несов.,,,ла́сын,,,,,,,,,,
во́зле,предлог,,,фа́рсмæ,,,,,,,,,,
,,,,цур,,,,,,,,,,
,,,,уæлхъу́с,,,,,,,,,,
возмо́жно,вводн. сл.,,,чи́ зоны,,,,,,,,,,
"возмо́жность, -и",,,,ама́л ,,,,,,,,,,
,,,,гæнǽн,,,,,,,,,,
"возмути́ть, возмущу́, возмути́шь",сов.,,,сы́змæнтын,,,,,,,,,,
"возника́ть, -а́ю, -а́ешь",несов.,,,æвзǽрын,,,,,,,,,,
"возникнове́ние, -я",,,,фæзы́нд ,,,,,,,,,,
,,,,ра́взæрд,,,,,,,,,,
"возни́кнуть, -ну, -нешь",сов.,,,ра́взæрын,,,,,,,,,,
,,,,фæзы́нын,,,,,,,,,,
"возноси́ть, -ношу́, -но́сишь",несов.,,,хæрдмǽ исын,,,,,,,,,,
"возобнови́ть, -влю́, -ви́шь",сов.,,,сно́г кæнын,,,,,,,,,,
"во́зраст, -а",,,,кар,,,,,,,,,,
"вой, -я",тк. ед.,,,ниуд,,,,,,,,,,
"война́, -ы",,,,хæст,,,,,,,,,,
"во́йско, -а",,,,æфса́д,,,,,,,,,,
"войти́, войду́, войдёшь",сов.,,,ба́цæуын ,,,,,,,,,,
,,,,ба́хизын,,,,,,,,,,
вокру́г,предлог и нареч.,,,а́лыварс,,,,,,,,,,
,,,,а́лывæрсты,,,,,,,,,,
"волк, -а",,,,би́рæгъ,,,,,,,,,,
"волна́, -ы́",,,,уылǽн,,,,,,,,,,
"волни́стый, -ая, -ое",,,,уылǽнтæ ,,,,,,,,,,
"волнова́ться, -ну́юсь, -ну́ешься",несов.,,,тыхсы́н,,,,,,,,,,
"волосо́к, -ка́",,,,æрду́,,,,,,,,,,
"во́лосы, воло́с",,,,сæры́хъуынтæ,,,,,,,,,,
"волше́бный, -ая, -ое",,,,алǽмæттаг,,,,,,,,,,
"во́льный, -ая, -ое",,,1. (без правил) ,уæгъди́бар,,,,,,,,,,
,,,2. (свободный) ,сæри́бар,,,,,,,,,,
вон,частица разг.,,,уǽртæ ,,,,,,,,,,
,,,,уǽлæ,,,,,,,,,,
,,,,дǽлæ,,,,,,,,,,
"вонь, -и",,,,смаг,,,,,,,,,,
во-пе́рвых,вводн. сл.,,,фыцца́джыдæр,,,,,,,,,,
"вопро́с, -а",,,,фарст,,,,,,,,,,
"вор, -а",,,,да́вæг,,,,,,,,,,
"воробе́й, -ья́",зоол.,,,сырддо́нцъиу,,,,,,,,,,
"воро́на, -ы",,,,ха́лон,,,,,,,,,,
"воро́та, воро́т",тк. мн.,,,ку́лдуар,,,,,,,,,,
"восемна́дцать, -и",числит.,,,æстдǽс,,,,,,,,,,
"во́семь, восьми́",числит.,,,аст,,,,,,,,,,
"восемьсо́т, восьмисо́т",числит.,,,а́стсæдæ,,,,,,,,,,
"воскресе́нье, -ья",,,,хуыца́убон,,,,,,,,,,
"воскре́сный, -ая, -ое",,,,хуыца́убоны,,,,,,,,,,
"воспита́ние, -я",,,,хъо́мылад,,,,,,,,,,
"воспи́танник, -а",,,,хъо́мылгæнинаг,,,,,,,,,,
"воспита́тель, -я",,,,хъо́мылгæнæг,,,,,,,,,,
"воспита́ть, -а́ю, -а́ешь",сов.,,,схъо́мыл кæнын,,,,,,,,,,
"воспи́тывать, -аю, -аешь",несов.,,,хъо́мыл кæнын,,,,,,,,,,
"воспомина́ние, -я",,,,мы́синаг,,,,,,,,,,
"восста́ние, -я",,,,сы́стад,,,,,,,,,,
"восто́к, -а",,,,скǽсæн,,,,,,,,,,
"восто́чный, -ая, -ое",,,,скǽсæйнаг,,,,,,,,,,
"восхо́д, -а",,,,ху́рыскаст,,,,,,,,,,
вот,частица указ.,,,мǽнæ,,,,,,,,,,
"воткну́ть, -ну́, -нёшь",сов.,,,нысса́дзын,,,,,,,,,,
впервы́е,нареч.,,,фыцца́г хатт ,,,,,,,,,,
,,,,æппǽты фыццаг,,,,,,,,,,
вперёд,нареч.,,,ра́змæ,,,,,,,,,,
впереди́,нареч.,,,ра́зæй,,,,,,,,,,
вплоть,предлог,,,суанг,,,,,,,,,,
впро́чем,вводн. сл.,,,æни́у ,,,,,,,,,,
,,,,уǽвгæ,,,,,,,,,,
"враг, -а́",,,,знаг,,,,,,,,,,
"врата́рь, -я́",спорт.,,,дуа́ргæс,,,,,,,,,,
"врать, вру, врёшь",несов. разг.,,,гæды́ ныхæстæ кæнын,,,,,,,,,,
,,,,са́йын,,,,,,,,,,
"врач, -а́",,,,до́хтыр,,,,,,,,,,
"вред, -а́",,,,зиа́н,,,,,,,,,,
"вреди́ть, врежу́, вреди́шь",несов.,,,зиа́н хæссын,,,,,,,,,,
"вре́мя, -мени",,,,рæстǽг,,,,,,,,,,
,,,,зама́н,,,,,,,,,,
врозь,нареч.,,,хи́цæнтæй,,,,,,,,,,
"вса́дник, -а",,,,ба́рæг ,,,,,,,,,,
"все, всех",местоим.,,,и́ууылдæр ,,,,,,,,,,
,,,,æппǽтдæр,,,,,,,,,,
всегда,нареч.,,,а́лкæд  ,,,,,,,,,,
,,,,а́лкæддæр,,,,,,,,,,
,,,,кæддǽриддæр,,,,,,,,,,
всего́,местоим.,,,æдǽппæтæй,,,,,,,,,,
"вселе́нная, -ой",,,,ду́н-дуне,,,,,,,,,,
"всеми́рный, -ая, -ое",,,,æппǽтдунеон,,,,,,,,,,
всё,местоим.,,,а́лцы  ,,,,,,,,,,
,,,,а́лцыдæр,,,,,,,,,,
всё же, частица,,,уæддǽр,,,,,,,,,,
"вскипе́ть, -плю́, -пи́шь",сов.,,,ра́фыцын,,,,,,,,,,
"вскочи́ть, -чу́, -чишь",сов.,,,фæгǽпп кæнын,,,,,,,,,,
всле́дствие,предлог,,,тыххǽй ,,,,,,,,,,
,,,,гæсгǽ,,,,,,,,,,
вслух,нареч.,,,хъæрǽй,,,,,,,,,,
"вспомина́ть, -а́ю, -а́ешь",несов.,,,мы́сын,,,,,,,,,,
"вспо́мнить, -ню, -нишь",сов.,,,æры́мысын,,,,,,,,,,
"вспо́мниться, -нюсь, -нишься",сов.,,,зæрды́л æрлæууын,,,,,,,,,,
"вспоте́ть, -е́ю, -е́ешь",сов.,,,ра́хид кæнын,,,,,,,,,,
"вспы́льчивый, -ая, -ое",,,,мæсты́гæр,,,,,,,,,,
"встава́ть, встаю, встаёшь",несов.,,,стын,,,,,,,,,,
"встать, вста́ну, вста́нешь",сов.,,,слǽууын ,,,,,,,,,,
,,,,сы́стын,,,,,,,,,,
"встре́тить(ся), -ре́чу(сь), -ре́тишь(ся)",сов.,,,сǽмбæлын,,,,,,,,,,
,,,,а́мбæлын,,,,,,,,,,
"встре́ча, -и",,,,фе́мбæлд,,,,,,,,,,
"встреча́ть(ся), -а́ю(сь), -а́ешь(ся)",несов.,,,æмбǽлын ,,,,,,,,,,
"вся́кий, -ая, -ое",местоим.,,,а́лы,,,,,,,,,,
"вто́рник, -а",,,,дыццǽг,,,,,,,,,,
"второстепе́нный, -ая, -ое",,,,фæрсса́г,,,,,,,,,,
"входи́ть, вхожу́, вхо́дишь",несов.,,,цæуы́н ,,,,,,,,,,
,,,,ми́дæмæ цæуын,,,,,,,,,,
вчера́,нареч.,,,знон,,,,,,,,,,
"вчера́шний, -яя, -ее",,,,зно́ны ,,,,,,,,,,
,,,,зно́ныккон,,,,,,,,,,
вширь,нареч.,,,фæйнǽрдæм,,,,,,,,,,
вы,местоим. ,,,сыма́х,,,,,,,,,,
"выбира́ть, -а́ю, -а́ешь",несов.,,,æвза́рын,,,,,,,,,,
"вы́бор, -а",,,,æвзǽрст,,,,,,,,,,
"вы́боры, -ов",тк. мн.,,,æвзǽрстытæ,,,,,,,,,,
"выбра́сывать, -аю, -аешь",несов.,,,æппа́рын,,,,,,,,,,
"вы́брать, -беру, -берешь",сов.,,,ра́взарын,,,,,,,,,,
"вы́бросить, -брошу, -бросишь",сов.,,,а́ппарын ,,,,,,,,,,
"вы́вод, -а",,,,ха́тдзæг,,,,,,,,,,
"вы́глянуть, -ну, -нешь",сов.,,,ра́кæсын,,,,,,,,,,
"вы́деленный, -ая, -ое",,,,бæрǽггонд,,,,,,,,,,
"вы́делить, -лю, -лишь",сов.,,,ра́иртасын ,,,,,,,,,,
,,,,ра́хицæн кæнын,,,,,,,,,,
"выделя́ть, -ля́ю, -ля́ешь",несов.,,,и́ртасын ,,,,,,,,,,
,,,,бæрǽг кæнын,,,,,,,,,,
"выделя́ться, -ля́юсь, -ля́ешься",несов.,,,бæрǽг дарын,,,,,,,,,,
"вы́дох, -а",,,,ра́улæфт,,,,,,,,,,
"вы́дохнуть, -ну, -нешь",сов.,,,ра́улæфын,,,,,,,,,,
"вы́играть, -аю, -аешь",сов.,,,ра́мбулын,,,,,,,,,,
"выи́грывать, -аю, -аешь",несов.,,,æмбу́лын ,,,,,,,,,,
"вы́йти, вы́йду, вы́йдешь",сов.,,,ра́хизын  ,,,,,,,,,,
,,,,ра́цæуын,,,,,,,,,,
"выкла́дывать, -аю, -аешь",несов. (строить),,,а́майын,,,,,,,,,,
"вы́копать, -аю, -аешь",сов.,,,скъа́хын,,,,,,,,,,
"вы́лететь, -лечу, -летишь",сов.,,,ра́тæхын,,,,,,,,,,
"вы́лечить, -чу, -чишь",сов.,,,а́дзæбæх кæнын,,,,,,,,,,
"вылива́ть, -а́ю, -а́ешь",сов.,,,ка́лын,,,,,,,,,,
"вылива́ться, -а́юсь, -а́ешься",несов.,,,кǽлын,,,,,,,,,,
"вы́лить, -лью, -льешь",сов.,,,а́калын,,,,,,,,,,
"вы́литься, -льюсь, -льешься",сов.,,,а́кæлын,,,,,,,,,,
,,,,ра́кæлын,,,,,,,,,,
"выма́нивать, -аю, -аешь",несов.,,,са́йын,,,,,,,,,,
"вы́манить, -ню, -нишь",сов.,,,ра́сайын,,,,,,,,,,
"выно́сливый, -ая, -ое",,,,фæра́зон,,,,,,,,,,
"вы́писать, -пишу, -пишешь",сов.,,,ра́фыссын,,,,,,,,,,
"вы́пить, -пью, -пьешь",сов.,,,ба́нуазын ,,,,,,,,,,
,,,,а́нуазын,,,,,,,,,,
"вы́плюнуть, -ну, -нешь",сов.,,,ра́ту кæнын,,,,,,,,,,
"вы́полненный, -ая, -ое",,,,æххǽстгонд,,,,,,,,,,
"вы́полнить, -ню, -нишь",сов.,,,сǽххæст кæнын,,,,,,,,,,
"выполня́ть, -я́ю, -я́ешь",несов.,,,æххǽст кæнын,,,,,,,,,,
"вы́просить, -прошу, -просишь",сов.,,,ра́курын,,,,,,,,,,
"вы́пуск, -а",,,,ра́уагъд,,,,,,,,,,
"выпуска́ть, -а́ю, -а́ешь",несов.,,,уа́дзын,,,,,,,,,,
"выпускно́й, -ая, -ое",,,,ра́уагъдон,,,,,,,,,,
"вы́пустить, -пущу, -пустишь",сов.,,,ра́уадзын,,,,,,,,,,
"вы́расти, -расту, -растешь",сов.,,,сы́рæзын,,,,,,,,,,
"вы́растить, -ращу, -растишь",сов. ,,1. (о растениях) ,æрза́йын кæнын,,,,,,,,,,
,,,2. (о детях),схъо́мыл кæнын,,,,,,,,,,
"вы́рвать, -рву, -рвешь",сов.,,,сто́нын ,,,,,,,,,,
,,,,ра́тонын,,,,,,,,,,
"вы́рваться, -рвусь, -рвешься",сов.,,,ра́ирвæзын,,,,,,,,,,
"выруба́ть, -а́ю, -а́ешь",несов.,,,цæгъды́н,,,,,,,,,,
"вы́рубить, -блю, -бишь",сов.,,,ныццǽгъдын,,,,,,,,,,
"вы́рыть, -рою, -роешь",сов.,,,скъа́хын,,,,,,,,,,
"высо́кий, -ая, -ое",,,,бæрзо́нд,,,,,,,,,,
высоко́,нареч.,,,бæрзо́нд,,,,,,,,,,
"высота́, -ы́",,,,бæрзǽнд,,,,,,,,,,
"вы́ставка, -и",,,,ра́вдыст,,,,,,,,,,
"вы́стрел, -а",,,,æхст,,,,,,,,,,
,,,,гæра́х,,,,,,,,,,
"вы́стрелить, -лю, -лишь",сов.,,,фе́хсын,,,,,,,,,,
"вы́ступить, -плю, -пишь",сов.,,,ра́ныхас кæнын,,,,,,,,,,
"выступле́ние, -я",,,,ра́ныхас,,,,,,,,,,
"вы́сыпать, -плю, -плешь",сов.,,,а́калын,,,,,,,,,,
"вы́сыпаться, -плюсь, -плешься",сов.,,,ра́кæлын,,,,,,,,,,
"вы́тереть, -тру, -трешь",сов.,,,ныссǽрфын,,,,,,,,,,
"вы́терпеть, -плю, -пишь",сов.,,,ныббы́хсын,,,,,,,,,,
"вы́течь, -теку, -течешь",сов.,,,а́кæлын ,,,,,,,,,,
,,,,ра́кæлын,,,,,,,,,,
"вытира́ть, -а́ю, -а́ешь",несов.,,,сæрфы́н,,,,,,,,,,
"выть, во́ю, во́ешь",несов.,,,ни́уын,,,,,,,,,,
"вы́учить, -чу, -чишь",несов.,,,са́хуыр кæнын,,,,,,,,,,
"вы́хватить, -хвачу, -хватишь",несов.,,,фе́лвасын ,,,,,,,,,,
,,,,ра́скъæфын,,,,,,,,,,
"вы́ход, -а",,,1.,ра́цыд  ,,,,,,,,,,
,,,2. (проём в стене),ра́цæуæн,,,,,,,,,,
,,,,ра́хизæн,,,,,,,,,,
,,,3. (средство),фæрǽз,,,,,,,,,,
,,,,гæнǽн,,,,,,,,,,
"вы́честь, -чту, -чтешь",сов.,,,ра́ппарын,,,,,,,,,,
"вычита́ть, -а́ю, -а́ешь",несов.,,,æппа́рын,,,,,,,,,,
вы́ше,ср.степ. к высо́кий и к высоко́,,,уæлдǽр ,,,,,,,,,,
,,,,бæрзо́нддæр,,,,,,,,,,
"вы́явить, -влю, -вишь",сов.,,,сбǽрæг кæнын ,,,,,,,,,,
,несов.,,,ра́иртасын,,,,,,,,,,
"выявля́ть, -яю, -яешь",,,,бæрǽг кæнын ,,,,,,,,,,
,,,,и́ртасын,,,,,,,,,,
"вяза́ть, вяжу́, вя́жешь",несов.,,,бийы́н,,,,,,,,,,
"газе́та, -ы",,,,газе́т,,,,,,,,,,
"га́лка, -и",зоол.,,,цъиа́х,,,,,,,,,,
"гармони́ст, -а",,,,фæнды́рдзæгъдæг,,,,,,,,,,
"гармо́нь, -и",,,,фæнды́р,,,,,,,,,,
"гвоздь, -я́",,,,зæгǽл,,,,,,,,,,
где,нареч. ,,,кæм,,,,,,,,,,
где-нибу́дь,нареч.,,,и́скæм,,,,,,,,,,
где́-то,нареч.,,,кæмдǽр,,,,,,,,,,
"генера́л, -а",воен.,,,инæла́р,,,,,,,,,,
"генера́льный, -ая, -ое",,,,генера́лон,,,,,,,,,,
"гениа́льный, -ая, -ое",,,,ге́нион,,,,,,,,,,
"геро́й, -я",,,,хъæба́тыр,,,,,,,,,,
"ги́бель, -и",тк. ед.,,,сæфт,,,,,,,,,,
"ги́бнуть, -ну, -нешь",несов.,,,сǽфын,,,,,,,,,,
"глава́1, -ы",,,,сæргълǽууæг,,,,,,,,,,
"глава́2, -ы",,,,сæрго́нд,,,,,,,,,,
"главнокома́ндующий, -его",воен.,,,сæйра́г къамандыгæнæг,,,,,,,,,,
"гла́вный, -ая, -ое",,,,сæйра́г,,,,,,,,,,
"глаго́л, -а",лингв.,,,ми́вдисæг,,,,,,,,,,
"гла́дить1, гла́жу, гла́дишь",несов.,,,да́уын,,,,,,,,,,
"гла́дить2, гла́жу, гла́дишь",несов. (утюгом),,,и́ту æвæрын,,,,,,,,,,
"гла́дкий, -ая, -ое",,,,лæгъз,,,,,,,,,,
"глаз, -а",,,,цæст,,,,,,,,,,
"гла́сный, -ая, -ое",лингв.,,,хъæлǽсон,,,,,,,,,,
"гли́на, -ы",тк. ед.,,,æлы́г,,,,,,,,,,
"глубина́, -ы́",,,,арф,,,,,,,,,,
"глубо́кий, -ая, -ое",,,1. ,арф ,,,,,,,,,,
,,,2. (о сне) ,тарф,,,,,,,,,,
,,,3. (о посуде) ,къуырф ,,,,,,,,,,
глубоко́,нареч.,,,арф,,,,,,,,,,
"глупе́ц, -пца́",,,,æды́лы ,,,,,,,,,,
,,,,æнǽзонд,,,,,,,,,,
"глу́пость, -и",,,,æды́лыдзинад,,,,,,,,,,
"глу́пый, -ая, -ое",,,,сонт  ,,,,,,,,,,
,,,,æды́лы,,,,,,,,,,
,,,,æнǽзонд,,,,,,,,,,
"глухо́й, -ая, -ое",,,1. ,къуырма,,,,,,,,,,
,,,2. лингв. ,æзы́лангон,,,,,,,,,,
"гнать, гоню́, го́нишь",несов.,,,тæры́н,,,,,,,,,,
"гна́ться, гоню́сь, го́нишься",несов.,,,су́рын,,,,,,,,,,
"гнездо́, -а",,,,а́хстон,,,,,,,,,,
"гнило́й, -ая, -ое",,,,æмбы́д,,,,,,,,,,
"гнить, гнию́, гниёшь",несов.,,,æмби́йын,,,,,,,,,,
"гнуть, гну, гнёшь",несов.,,,та́сын кæнын,,,,,,,,,,
"гну́ться, гнусь, гнёшься",несов.,,,та́сын,,,,,,,,,,
"го́вор, -а",,,,ныха́сыздæхт,,,,,,,,,,
"говори́ть, -рю, -ришь",несов.,,,дзу́рын,,,,,,,,,,
"год, -а",,,,аз ,,,,,,,,,,
,(один год),,,а́фæдз,,,,,,,,,,
"годи́ться, гожу́сь, годи́шься",несов.,,,бæззы́н,,,,,,,,,,
"го́лень, -и",анат.,,,зæнг,,,,,,,,,,
"голова́, -ы́",анат.,,,сæр,,,,,,,,,,
"го́лод, -а",,,,æххо́рмаг,,,,,,,,,,
"голода́ть, -а́ю, -а́ешь",несов.,,,æххо́рмаг æййафын ,,,,,,,,,,
"голо́дный, -ая, -ое",,,,æххо́рмаг,,,,,,,,,,
"го́лос, -а",,,,хъæлǽс,,,,,,,,,,
"голосова́ть, -су́ю,-су́ешь",несов.,,,хъæлǽс кæнын,,,,,,,,,,
"голубо́й, -ая, -ое",,,,цъæх ,,,,,,,,,,
,,,,æрвхуы́з,,,,,,,,,,
"гора́, -ы́",,,,хох,,,,,,,,,,
гора́здо,нареч.,,,дзæвга́р,,,,,,,,,,
"горде́ц, -а́",,,,æнǽрвæссон,,,,,,,,,,
"горди́ться, горжу́сь, горди́шься",несов.,,,сæры́стыр уæвын,,,,,,,,,,
"го́рдый, -ая, -ое",,,,сæры́стыр,,,,,,,,,,
"го́ре, -я",тк. ед.,,,маст,,,,,,,,,,
"горева́ть, -рю́ю, -рю́ешь",несов.,,,са́гъæс кæнын,,,,,,,,,,
"горе́ть, -рю́, -ри́шь",несов.,,,су́дзын,,,,,,,,,,
"го́рец, -рца",,,,хо́хаг,,,,,,,,,,
"горе́чь, -и",тк. ед.,,,маст,,,,,,,,,,
"го́рло, -а",,,,хъуыр ,,,,,,,,,,
,,,,хурх,,,,,,,,,,
"го́рный, -ая, -ое",,,,хæххо́н,,,,,,,,,,
"го́род, -а",,,,го́рæт,,,,,,,,,,
,,,,саха́р,,,,,,,,,,
"городско́й, -а́я, -о́е",,,,го́рæтаг,,,,,,,,,,
"го́рский, -ая, -ое",,,,хо́хаг,,,,,,,,,,
"горсть, -и",,,,арм ,,,,,,,,,,
,,,,а́рмыдзаг,,,,,,,,,,
"го́рький, -ая, -ое",,,,маст ,,,,,,,,,,
,,,,су́дзаг,,,,,,,,,,
"горя́чий, -ая, -ее",,,,тæвд,,,,,,,,,,
"госпо́дствовать, -ствую, -ствуешь",несов.,,,хи́цауиуæг кæнын,,,,,,,,,,
"гостеприи́мный, -ая, -ое",,,,уа́зæгуарзон,,,,,,,,,,
"гости́ница, -ы",,,,уа́зæгуат,,,,,,,,,,
"гость, -я",,,,уа́зæг,,,,,,,,,,
"госуда́рственный, -ая, -ое",,,,па́ддзахадон,,,,,,,,,,
"госуда́рство, -а",,,,па́ддзахад,,,,,,,,,,
"гото́вить, -влю, -вишь",несов.,,1.,цæттǽ кæнын,,,,,,,,,,
,,,2.  ,хæри́наг кæнын,,,,,,,,,,
"гото́виться, -влюсь, -вишься",несов.,,,хи́ цæттæ кæнын,,,,,,,,,,
"гото́вность, -и",тк. ед.,,,цæттǽдзинад,,,,,,,,,,
"гото́вый, -ая, -ое",,,,цæттǽ,,,,,,,,,,
"граби́тель, -я",,,,сти́гъæг,,,,,,,,,,
"гра́бить, -блю, -бишь",несов.,,,сти́гъын,,,,,,,,,,
"гра́бли, -бель и -блей",тк. мн.,,,ха́ламæрзæн,,,,,,,,,,
"гражда́нский, -ая, -ое",,,,гражда́йнаг,,,,,,,,,,
"гра́мота, -ы",,,,ка́ды гæххæтт,,,,,,,,,,
"грани́ца, -ы",,,,а́рæн,,,,,,,,,,
"грань, -и",,,,фахс,,,,,,,,,,
"грек, -а",,,,бердзе́наг,,,,,,,,,,
"греме́ть, -млю́, -ми́шь",несов.,,,нæры́н,,,,,,,,,,
"греть, гре́ю, гре́ешь",несов.,,,та́вын,,,,,,,,,,
"гре́ться, гре́юсь, гре́ешься",несов.,,,хи́ тавын,,,,,,,,,,
"грех, -а́",,,,тæри́гъæд,,,,,,,,,,
"гре́ческий, -ая, -ое",,,,бердзе́наг,,,,,,,,,,
"гриб, -а́",бот.,,,зо́къо,,,,,,,,,,
"гроза́, -ы́",,,,тæрккъǽвда,,,,,,,,,,
"гроздь, -и",,,,цу́пал,,,,,,,,,,
"грози́ть, -ожу, -озишь",несов.,,,æртхъи́рæн кæнын,,,,,,,,,,
"гром, -а",,,,а́рвнæрд,,,,,,,,,,
"громи́ть, -млю́, -ми́шь",несов.,,,дæрǽн кæнын,,,,,,,,,,
гро́мко,нареч.,,,хъæрǽй,,,,,,,,,,
"грудь, -и́",,,,риу,,,,,,,,,,
"грузи́н, -а",,,,гуырдзи́аг,,,,,,,,,,
"грузи́нский, -ая, -ое",,,,гуырдзи́аг,,,,,,,,,,
"грузови́к, -а́",,,,уæзла́сæн машинæ,,,,,,,,,,
"гру́ппа, -ы",,,,къорд,,,,,,,,,,
"грусти́ть, грущу́, грусти́шь",несов.,,,æнкъа́рд кæнын,,,,,,,,,,
гру́стно,нареч.,,,æнкъа́рдæй ,,,,,,,,,,
,,,,æнкъа́рдхуызæй,,,,,,,,,,
"гру́стный, -ая, -ое",,,,æнкъа́рд ,,,,,,,,,,
,,,,æрхǽндæг,,,,,,,,,,
"грусть, -и",,,,æнкъа́рддзинад ,,,,,,,,,,
,,,,æрхǽндæг,,,,,,,,,,
"гру́ша, -и",бот.,,,кæрдо́,,,,,,,,,,
"грызть, -зу́, -зёшь",несов.,,,æхсы́нын,,,,,,,,,,
"гряда́, -ы́",,,,рагъ,,,,,,,,,,
"гряду́щий, -ая, -ее",,,,фи́дæны,,,,,,,,,,
"гря́зный, -ая, -ое",,,,чъи́зи,,,,,,,,,,
"грязь, -и",,,,чъи́зи,,,,,,,,,,
,,,,цъыф,,,,,,,,,,
"губа́, -ы́",,,,был,,,,,,,,,,
"губной, -ая, -ое",,,,было́н,,,,,,,,,,
"гуля́ть, -я́ю, -я́ешь",,,,те́згъо кæнын,,,,,,,,,,
"гумно́, -а́",,,,мус,,,,,,,,,,
"густо́й, -а́я, -о́е",,,,бæзджы́н,,,,,,,,,,
"гусь, -я",,,,хъаз,,,,,,,,,,
"дóлжен, -жна́, -жно́",в функц. сказ.,,,хъуа́мæ,,,,,,,,,,
да1,частица утв.,,,о,,,,,,,,,,
да2,союз ,,1. соед. ,æмǽ,,,,,,,,,,
,,,2. против.,фæлǽ,,,,,,,,,,
дава́й(те),частица,,,цǽй æмæ,,,,,,,,,,
"дава́ть, даю́, даёшь",несов.,,,дæтты́н,,,,,,,,,,
"дава́ться, даю́сь, даёшься",несов.,,,лæвǽрд цæуын,,,,,,,,,,
"дави́ть, давлю́, да́вишь",несов.,,,æлхъи́вын,,,,,,,,,,
"давле́ние, -я",,,,æлхъы́вдад,,,,,,,,,,
"да́вний, -яя, -ее",,,,кæддǽры,,,,,,,,,,
давно́,нареч.,,,ра́джы,,,,,,,,,,
да́же,частица,,,суанг,,,,,,,,,,
"далёкий, -ая, -ое",,,,да́рд,,,,,,,,,,
далеко́,нареч.,,,да́рд,,,,,,,,,,
"дальне́йший, -ая, -ее",,,,да́рддæры,,,,,,,,,,
да́льше,нареч.,,,да́рддæр,,,,,,,,,,
"дарги́нец, -нца",,,,дарги́наг,,,,,,,,,,
"дарѓинский, -ая, -ое",,,,дарги́наг,,,,,,,,,,
"дари́ть, дарю́, да́ришь",несов.,,,лæва́р кæнын,,,,,,,,,,
да́ром,нареч.,,,лæв́ар,,,,,,,,,,
да́тельный: падеж,,,,дæтты́нон хауæн,,,,,,,,,,
"дать, дам, дашь",сов.,,,ра́ттын,,,,,,,,,,
"два, двух",числит.,,,дыууǽ,,,,,,,,,,
"два́дцать, -и́",числит.,,,дыууы́н,,,,,,,,,,
два́жды,нареч.,,,дыууǽ хатты,,,,,,,,,,
"двена́дцать, -и",числит.,,,дыууа́дæс,,,,,,,,,,
"дверь, -и",,,,дуар,,,,,,,,,,
"две́сти, двухсо́т",числит.,,,дыууǽсæдæ,,,,,,,,,,
"дви́гаться, -аюсь, -аешься",несов.,,,змǽлын,,,,,,,,,,
"движе́ние, -я",,,,змæлд,,,,,,,,,,
"двоето́чие, -я",лингв.,,,дыстъǽлф,,,,,,,,,,
"двойно́й, -ая, -ое",,,,дывǽр,,,,,,,,,,
"двор, -а́",,,,кæрт,,,,,,,,,,
"дворе́ц, -рца",,,,галуа́н,,,,,,,,,,
"де́вочка, -и",,,,чызг,,,,,,,,,,
"девятна́дцать, -и",числит.,,,ну́дæс,,,,,,,,,,
"де́вять, -и́",числит.,,,фа́раст,,,,,,,,,,
"девятьсо́т, девятисо́т",числит.,,,фа́растсæдæ,,,,,,,,,,
"дед, -а",,,,баба́ ,,,,,,,,,,
,,,,дада́,,,,,,,,,,
"де́душка, -и",,,,баба́ ,,,,,,,,,,
,,,,дада́,,,,,,,,,,
,(по отцу) ,,,фыды́фыд,,,,,,,,,,
,(по матери),,,ма́дыфыд ,,,,,,,,,,
"дежу́рный1, -ого",,,,ра́дгæс,,,,,,,,,,
"дежу́рный2, -ая, -ое",,,,ра́дон,,,,,,,,,,
"де́йствие, -я",,,,а́рхайд ,,,,,,,,,,
действи́тельно,1. вводн. сл.,,,æцǽгæй,,,,,,,,,,
,,,,æцǽг,,,,,,,,,,
,2. нареч.,,,æцǽг,,,,,,,,,,
,,,,æцǽгдæр,,,,,,,,,,
"действи́тельность, -и",,,,æцǽгдзинад,,,,,,,,,,
"де́йствовать, -ствую, -ствуешь",несов.,,,а́рхайын ,,,,,,,,,,
,,,,ку́сын,,,,,,,,,,
"де́лать, -аю, -аешь",несов.,,,кæны́н,,,,,,,,,,
"дели́ть, делю́, де́лишь",несов.,,1.,уа́рын,,,,,,,,,,
,,,2. ,ди́х кæнын,,,,,,,,,,
"дели́ться, делю́сь, де́лишься",несов.,,1.,ди́х кæнын,,,,,,,,,,
,,,2. ,ха́й кæнын,,,,,,,,,,
"де́ло, -а",,,,хъуыдда́г,,,,,,,,,,
"делово́й, -ая, -ое",,,,хъуыдда́джы,,,,,,,,,,
"де́ньги, -нег",тк. мн.,,,æхца́,,,,,,,,,,
"день, дня",,,,бон,,,,,,,,,,
"де́рево, -а",,,,бæла́с,,,,,,,,,,
"держа́ть(ся), держу́(сь), де́ржишь(ся)",сов.,,,хæцы́н,,,,,,,,,,
"де́рзкий, -ая, -ое",,,,къæйны́х,,,,,,,,,,
"де́рзость, -и",,,,къæйны́хдзинад,,,,,,,,,,
"де́сять, -и́",числит.,,,дæс,,,,,,,,,,
"де́ти, дете́й",,,,сывǽллæттæ ,,,,,,,,,,
"де́тский,- ая, -ое",,,,сывǽллоны,,,,,,,,,,
"де́тство, -а",,,,са́бибонтæ,,,,,,,,,,
"де́ятель, -я",,,,а́рхайæг,,,,,,,,,,
"де́ятельность, -и",,,,а́рхайд,,,,,,,,,,
"дёрн, -а",тк. ед.,,,нæуу,,,,,,,,,,
"детёныш, -а",,,,лæппы́н,,,,,,,,,,
"дешёвый, -ая, -ое",,,,асла́м,,,,,,,,,,
"ди́кий, -ая, -ое",,,,хъæдда́г,,,,,,,,,,
"дитя́, дитя́ти",,,,са́би,,,,,,,,,,
,,,,хъæбу́л,,,,,,,,,,
"длина́, -ы́",,,,дæргъ,,,,,,,,,,
"дли́нный, -ая, -ое",,,,даргъ,,,,,,,,,,
"дли́тельный, -ая, -ое",,,,дæргъвǽтин,,,,,,,,,,
"дли́ться, длюсь, дли́шься",несов.,,,хæссы́н,,,,,,,,,,
для,предлог,,,тыххǽй,,,,,,,,,,
"дневни́к, -а́",,,,бо́ныг,,,,,,,,,,
днём,нареч.,,,бо́нæй ,,,,,,,,,,
,,,,бо́ныгон,,,,,,,,,,
"дно, -а",,,,бын,,,,,,,,,,
до,предлог,,,онг,,,,,,,,,,
,,,,æвва́хс,,,,,,,,,,
"доба́вить, -влю, -вишь",сов.,,,ба́фтауын,,,,,,,,,,
"добавля́ть, -я́ю, -я́ешь",несов.,,,æфта́уын ,,,,,,,,,,
"добира́ться, -а́юсь, -а́ешься",несов.,,,хæццǽ кæнын,,,,,,,,,,
"добра́ться, -беру́сь, -берёшься",сов.,,,ба́хæццæ уæвын,,,,,,,,,,
доброво́льно,нареч.,,,ба́рхийæ ,,,,,,,,,,
"доброжела́тельный, -ая, -ое",,,,цæстуа́рзон,,,,,,,,,,
добросо́вестно,нареч.,,,æнǽзæрдæхудтæй ,,,,,,,,,,
,,,,æнǽсайдæй,,,,,,,,,,
"добросо́вестный, -ая, -ое",,,,æнǽсайд ,,,,,,,,,,
,,,,æнǽзæрдæхудт,,,,,,,,,,
"до́брый, -ая, -ое",,,,хæла́рзæрдæ,,,,,,,,,,
"дове́рие, -я",,,,æууǽнк,,,,,,,,,,
"дове́рчивый, -ая, -ое",,,,æууǽндаг,,,,,,,,,,
"доверя́ть, -я́ю, -я́ешь",несов.,,,æууǽндын,,,,,,,,,,
"довести́, -веду́, -ведёшь",сов.,,,ба́хæццæ кæнын,,,,,,,,,,
"дово́льный, -ая, -ое",,,,ра́зы,,,,,,,,,,
"догна́ть, -гоню́, го́нишь",сов.,,,ба́ййафын,,,,,,,,,,
"догово́р, -а",,,,ба́дзырд,,,,,,,,,,
"договори́ться, -рю́сь, -ри́шься",сов.,,,ба́ныхас кæнын,,,,,,,,,,
"догоня́ть, -я́ю, -я́ешь",несов.,,,æййа́фын,,,,,,,,,,
"дождли́вый, -ая, -ое",,,,къæвда́джын,,,,,,,,,,
"дождь, -я́",,,, къæвда́,,,,,,,,,,
,,,,уа́рын,,,,,,,,,,
"доказа́тельство, -а",,,1. юр.,бæлвы́рдгæнæн,,,,,,,,,,
,,,2. матем.,бæлвы́рдкæнынад,,,,,,,,,,
"долг, -а",,,,хæс,,,,,,,,,,
"должни́к, -а́",,,,хǽсджын,,,,,,,,,,
"доли́на, -ы",,,,дæлвǽз,,,,,,,,,,
"дом, -а",,,,хæдза́р ,,,,,,,,,,
до́ма,,,,хæдза́ры ,,,,,,,,,,
"дома́шний, -яя, -ее",,,,хæдза́рон,,,,,,,,,,
домо́й,(к нам),,,хæдза́рмæ,,,,,,,,,,
"донести́, -су́, -сёшь",сов.,,,ба́хæссын,,,,,,,,,,
"дополне́ние, -я",лингв.,,,æххǽстгæнæн,,,,,,,,,,
"дополни́тельный, -ая, -ое",,,,уæлǽмхасæн,,,,,,,,,,
"допо́лнить, -ню, -нишь",сов.,,,ба́ххæст кæнын,,,,,,,,,,
"дополня́ть, -я́ю,-я́ешь",несов.,,,æххǽст кæнын,,,,,,,,,,
"доро́га, -и",,,,фæнда́г,,,,,,,,,,
до́рого,нареч.,,,зына́ргъæй,,,,,,,,,,
"дорого́й, -ая, -ое",,,,зына́ргъ,,,,,,,,,,
"дорожи́ть, -жу́, -жи́шь",несов.,,,а́ргъ кæнын,,,,,,,,,,
"доска́, -и́",,,,фæйнǽг,,,,,,,,,,
"доста́ток, -тка",,,,бæрка́д,,,,,,,,,,
доста́точно,нареч.,,,æгъгъǽд ,,,,,,,,,,
,,,,фаг,,,,,,,,,,
"достиже́ние, -я",,,,сгуы́хтдзинад,,,,,,,,,,
"досто́йный, -ая, -ое",,,,а́ккаг,,,,,,,,,,
"досу́жий, -ая, -ее",,,,æвдǽлон,,,,,,,,,,
"дотя́гиваться, -аюсь, -аешься",несов.,,,æххǽссын,,,,,,,,,,
"дотяну́ться, -тяну́сь, -тя́нешься",несов.,,,ба́ххæссын,,,,,,,,,,
"дохо́д, -а",,,,æфти́аг,,,,,,,,,,
"дочь, до́чери",,,,чызг,,,,,,,,,,
"драгоце́нность, -и",,,,хæзна́,,,,,,,,,,
"драгоце́нный, -ая, -ое",,,,зына́ргъ,,,,,,,,,,
,,,,хæзна́,,,,,,,,,,
"дразни́ть, дразню́, дра́знишь",несов.,,,мæстǽй марын,,,,,,,,,,
"драчу́н, -а́",,,,хылгǽнаг,,,,,,,,,,
"древеси́на, -ы",тк. ед.,,,хъæдǽрмæг,,,,,,,,,,
"дре́вний, -яя, -ее",,,,ра́гон,,,,,,,,,,
"дрожа́ть, -жу́, -жи́шь",несов.,,,зыр-зы́р кæнын,,,,,,,,,,
"дрожа́щий, -ая, -ее",,,,зырзы́ргæнаг,,,,,,,,,,
"друг, -а",,,,æмба́л ,,,,,,,,,,
"друго́й, -ая, -ое", (любой),,,æндǽр,,,,,,,,,,
,(определённый),,,и́ннæ,,,,,,,,,,
"дру́жба, -ы",тк. ед.,,,хæла́рдзинад,,,,,,,,,,
"дружи́ть, дружу́, дру́жишь",несов.,,,хæла́р уæвын ,,,,,,,,,,
дру́жно,нареч.,,,хæла́рæй,,,,,,,,,,
"дуб, -а",бот.,,,тулдз,,,,,,,,,,
"дуга́, -и́",,,,къæлǽт,,,,,,,,,,
"ду́мать, -аю, -аешь",несов.,,,хъуыды́ кæнын,,,,,,,,,,
"дунове́ние, -я",,,,у́ддзæф,,,,,,,,,,
"дуть, ду́ю, ду́ешь",несов.,,1. (о ветре),дымы́н,,,,,,,,,,
,,,2. (на что-л.) ,фу́ кæнын,,,,,,,,,,
"душа́, -и́",рел.,,,уд,,,,,,,,,,
"дым, -а",,,,фæздǽг,,,,,,,,,,
"ды́ня, -и",бот.,,,не́си,,,,,,,,,,
"дыха́ние, -я",тк. ед.,,,у́лæфт,,,,,,,,,,
"дыша́ть, дышу́, ды́шишь",несов.,,,у́лæфын,,,,,,,,,,
"дя́дя, -и",(по отцу),,,фыды́фсымæр ,,,,,,,,,,
,(по матери) ,,,ма́дыфсымæр,,,,,,,,,,
"дя́тел, -тла",зоол.,,,хъæдхо́й,,,,,,,,,,
"евре́й, -я",,,,дзу́ттаг,,,,,,,,,,
"евре́йский, -ая, -ое",,,,дзу́ттаг,,,,,,,,,,
"европе́йский, -ая, -ое",,,,евро́пæйаг,,,,,,,,,,
"еги́петский, -ая, -ое",,,,мыси́раг,,,,,,,,,,
"египтя́нин, -а",,,,мыси́раг,,,,,,,,,,
"его́, её",местоим.,,,йæ ,,,,,,,,,,
,,,,йæхи́,,,,,,,,,,
"еда́, -ы́",,,,хæри́наг,,,,,,,,,,
"еди́нственный, -а, -ое",,,,и́унæг,,,,,,,,,,
"еди́нство, -а",,,,и́удзинад,,,,,,,,,,
"ежеви́ка, -и",бот.,,,дзе́дыр,,,,,,,,,,
ежего́дно,нареч.,,,æрвы́лаз,,,,,,,,,,
"ежего́дный, -ая, -ое",,,,æрвы́лазон,,,,,,,,,,
ежедне́вно,нареч.,,,æрвы́лбон,,,,,,,,,,
"ежедне́вный, -ая, -ое",,,,æрвы́лбоны ,,,,,,,,,,
е́ле,нареч.,,,тыххǽйты ,,,,,,,,,,
,,,,тыххǽй-фыдæй,,,,,,,,,,
е́сли,союз,,,кæд,,,,,,,,,,
,,,,и́угæр,,,,,,,,,,
"есте́ственный, -ая, -ое",,,,æрдзо́н,,,,,,,,,,
есть1  ,(существует),,,ис,,,,,,,,,,
"есть2, ем, ешь",несов. (принимать пищу),,,хæры́н,,,,,,,,,,
"е́хать, е́ду, е́дешь",несов. ,,,цæуы́н,,,,,,,,,,
ещё,частица,,,ма,,,,,,,,,,
,,,,но́джы ма,,,,,,,,,,
"ёлка, -и",бот.,,,за́з бæлас,,,,,,,,,,
"ёж, ежа́",зоол.,,,уызы́н,,,,,,,,,,
"жа́дный, -ая, -ое",,,,зыдгǽнаг,,,,,,,,,,
"жа́жда, -ы",,,,до́йны,,,,,,,,,,
"жале́ть, -е́ю, е́ешь",несов.,,1. (кого-л.),тæри́гъæд кæнын,,,,,,,,,,
,,,2. (чего-л.) ,æвгъа́у кæнын,,,,,,,,,,
"жа́лкий, -ая, -ое",,,,тæри́гъæддаг,,,,,,,,,,
жа́лко,в функц. сказ.,,,тæри́гъæд у,,,,,,,,,,
"жа́лоба, -ы",,,,хъаст,,,,,,,,,,
"жа́лобный, -ая, -ое",,,,тæри́гъæддаг,,,,,,,,,,
"жа́ловаться, -луюсь, -луешься",несов.,,,хъа́ст кæнын,,,,,,,,,,
"жар, -а",,,1.,цæхǽр,,,,,,,,,,
,,,2. ,тæвд,,,,,,,,,,
жа́рко,в функц. сказ.,,,тæвд у́,,,,,,,,,,
"жать, жму, жмёшь",несов.,,,æлхъи́вын,,,,,,,,,,
"ждать, жду, ждёшь",,,,æнхъǽлмæ кæсын,,,,,,,,,,
"жела́ние, -я",,,,фæнд ,,,,,,,,,,
,,,,фæндо́н,,,,,,,,,,
"жела́нный, -ая, -ое",,,,фæндо́н ,,,,,,,,,,
,,,,фæнди́аг ,,,,,,,,,,
,,,,бæлли́ццаг,,,,,,,,,,
"желе́зный, -ая, -ое",,,,æфсǽн,,,,,,,,,,
"желе́зо, -а",,,,æфсǽйнаг,,,,,,,,,,
"желте́ть, -е́ю, е́ешь",,,,бу́р кæнын,,,,,,,,,,
"желтова́тый, -ая, -ое",,,,бу́рбын,,,,,,,,,,
"желто́к, -тка",,,,а́йчы бур,,,,,,,,,,
"желу́док, -дка",,,,а́хсæн,,,,,,,,,,
"жёлчь, -и",анат.,,,маст,,,,,,,,,,
"жена́, -ы́",,,,ус,,,,,,,,,,
,,,,би́нойнаг,,,,,,,,,,
"жени́ться, женю́сь, же́нишься",сов.,,,у́с ракурын,,,,,,,,,,
"жени́х, -а́",,,,у́сгур,,,,,,,,,,
"же́нщина, -ы",,,,сылго́ймаг,,,,,,,,,,
"жеребёнок, -нка",,,,ба́йраг,,,,,,,,,,
"же́ртва, -ы",,,1. рел.,ныво́нд,,,,,,,,,,
,,,2. (пострадавший),а́мæттаг ,,,,,,,,,,
"жесто́кий, -ая, -ое",,,,æви́рхъау,,,,,,,,,,
,,,,æбуа́лгъ,,,,,,,,,,
"жесто́кость, -и",,,,æгъа́тырдзинад,,,,,,,,,,
"жечь, жгу, жжёшь",несов.,,,су́дзын,,,,,,,,,,
"жёлтый, -ая, -ое",,,,бур,,,,,,,,,,
"жёсткий, -ая, -ое",,,,карз,,,,,,,,,,
"живо́й, -ая, -ое",,,,у́дæгас ,,,,,,,,,,
,,,,æга́с,,,,,,,,,,
"живо́т, -а́",анат.,,,гуыбы́н,,,,,,,,,,
"живо́тное, -го",,,,цæрǽгой,,,,,,,,,,
"жи́дкий, -ая, -ое",,,,тæнǽг,,,,,,,,,,
"жи́дкость, -и",,,,тæнгъǽд,,,,,,,,,,
"жизнера́достный, -ая, -ое",,,,ца́рдхуыз,,,,,,,,,,
"жизнеспосо́бный, -ая, -ое",,,,ца́рдхъом,,,,,,,,,,
"жизнь, -и",,,,цард,,,,,,,,,,
"жи́тель, -я",,,,цæрǽг ,,,,,,,,,,
"жильё, -я",,,,цæрǽнуат ,,,,,,,,,,
,,,,цæрǽнбынат,,,,,,,,,,
"жир, -а",,,1.,сой ,,,,,,,,,,
,,,2. (животн.),фиу,,,,,,,,,,
"жи́рный, -ая, -ое",,,1. (с жиром),со́йджын ,,,,,,,,,,
,,,2. (о живых существах),нард,,,,,,,,,,
"жить, живу́, живёшь",,,,цæры́н,,,,,,,,,,
"жре́бий, -я",,,,хал,,,,,,,,,,
"жура́вль, -я́",зоол.,,,зырнǽг  ,,,,,,,,,,
,,,,хъри́хъупп ,,,,,,,,,,
за,предлог,,,фæстǽ,,,,,,,,,,
"забия́ка, -и",разг.,,,хылкъа́хæг,,,,,,,,,,
"заблесте́ть, -блещу́, -блести́шь и -бле́щешь",сов.,,,сǽрттивын,,,,,,,,,,
"заблуди́ться, -блужу́сь, блу́дишься",сов.,,,фæдзǽгъæл уæвын,,,,,,,,,,
"заболева́ть, -а́ю, -а́ешь",несов.,,,рынчы́н кæнын,,,,,,,,,,
"заболе́ть, -е́ю, -е́ешь",сов.,,,фæры́нчын уæвын,,,,,,,,,,
"забо́р, -а",,,,сис ,,,,,,,,,,
,,,,быру́ ,,,,,,,,,,
,,,,æмбо́нд,,,,,,,,,,
"забо́та, -ы",,,,мæт,,,,,,,,,,
"забо́титься, -бо́чусь, -бо́тишься",несов.,,,а́удын,,,,,,,,,,
"забо́тливый, -ая, -ое",,,,а́удаг,,,,,,,,,,
"забра́ть, -беру́, -берёшь",,,,ра́йсын,,,,,,,,,,
"забыва́ть(ся), -а́ю(сь), -а́ешь(ся)",несов.,,,ро́х кæнын,,,,,,,,,,
"забы́ть, -бу́ду, -бу́дешь",сов.,,,фе́рох кæнын,,,,,,,,,,
"забы́ться, -бу́дусь, -бу́дешься",сов.,,,фе́рох уæвын,,,,,,,,,,
"зави́дный, -ая, -ое",,,,тæху́диаг,,,,,,,,,,
"зави́довать, -дую, -дуешь",несов.,,,хæлǽг кæнын ,,,,,,,,,,
"зави́стливый, -ая, -ое",,,,хæлǽггæнаг,,,,,,,,,,
"за́висть, -и",,,,хæлǽг,,,,,,,,,,
за́втра,нареч.,,,ра́йсом,,,,,,,,,,
"за́втрак, -а",,,,а́ходæн,,,,,,,,,,
"за́втракать, -аю, -аешь",,,,а́ходæн хæрын,,,,,,,,,,
"за́втрашний, -яя, -ее",,,,ра́йсомы,,,,,,,,,,
,,,,со́мбоны,,,,,,,,,,
"завы́ть, -в́ою, -во́ешь",сов.,,,нынни́уын,,,,,,,,,,
"заголо́вок, -вка",,,,сæрго́нд,,,,,,,,,,
"загоре́лый, -ая, -ое",,,,ху́рсыгъд,,,,,,,,,,
"заграни́ца, -ы",,,,фæса́рæнтæ,,,,,,,,,,
"задан́ие, -я",,,,хæслǽвæрд,,,,,,,,,,
"зада́ча, -и",матем.,,,хынци́наг,,,,,,,,,,
"задержа́ть, -держу́, -де́ржишь",сов.,,,фæкъуы́лымпы кæнын ,,,,,,,,,,
,,,,ныффǽстиат кæнын,,,,,,,,,,
"заде́рживать, -аю, -аешь",несов.,,,къуылы́мпы кæнын ,,,,,,,,,,
,,,,фæсти́ат кæнын,,,,,,,,,,
"заде́рживаться, -аюсь, -аешься",несов.,,,фæсти́ат кæнын,,,,,,,,,,
"задрожа́ть, -жу́, -жи́шь",сов.,,,ба́зыр-зыр кæнын,,,,,,,,,,
"заду́маться, -аюсь, -аешься",сов.,,,ныхъхъуы́ды кæнын ,,,,,,,,,,
,,,,хъуыды́ты аныгъуылын,,,,,,,,,,
"заже́чь, -жгу, -жжёшь",сов.,,,ссу́дзын,,,,,,,,,,
"зазвене́ть, -ню́, -и́шь",сов.,,,ныззы́ланг кæнын,,,,,,,,,,
"зазвуча́ть, -чу́, -чи́шь",сов.,,,а́йзæлын ,,,,,,,,,,
"заи́мствованный, -ая, -ое",,,,æрба́йст ,,,,,,,,,,
,,,,æрба́йсгæ,,,,,,,,,,
"заи́мствовать, -ствую, -ствуешь",несов.,,,æрба́йсын,,,,,,,,,,
"закалённый, -ая, -ое",,,,фæлтǽрд,,,,,,,,,,
"зака́нчивать, -аю, -аешь",несов.,,,фæуд кǽнын,,,,,,,,,,
"зака́нчиваться, -аюсь, -аешься",несов.,,,фæвǽййын ,,,,,,,,,,
"зака́т, -а",,,,ху́рныгуылæн,,,,,,,,,,
,,,,ху́рныгуылд ,,,,,,,,,,
"заква́ска, -и",,,,æнтуа́н,,,,,,,,,,
"заключе́ние, -я",,,1. (конец),кæро́нбæттæн,,,,,,,,,,
,,,2. (итог) ,ха́тдзæг,,,,,,,,,,
"зако́н, -а",,,,закъо́н,,,,,,,,,,
"зако́нчить(ся), -чу(сь), -чишь(ся)",сов.,,,фæуы́н,,,,,,,,,,
"закрепи́ть, -плю́, -пи́шь",сов.,,,ба́фидар кæнын,,,,,,,,,,
,,,,ныффи́дар кæнын,,,,,,,,,,
"закрича́ть, -чу́, -чи́шь",сов.,,,ныхъхъǽр кæнын,,,,,,,,,,
"закрыва́ть, -а́ю, -аешь",несов.,,,æхгǽнын,,,,,,,,,,
"закры́тый, -ая, -ое",,,,æхгǽд,,,,,,,,,,
"закры́ть, -кро́ю, -кро́ешь",сов.,,,сǽхгæнын,,,,,,,,,,
"залата́ть, -а́ю, -а́ешь",сов.,,,ба́мпъузын,,,,,,,,,,
"зала́ять, -а́ю, -а́ешь",сов.,,,срǽйын,,,,,,,,,,
"залеза́ть, -а́ю, -а́ешь",несов.,,,быры́н,,,,,,,,,,
"зале́зть, -ле́зу, -ле́зешь",сов.,,,ба́бырын,,,,,,,,,,
,,,,сбы́рын,,,,,,,,,,
"зама́хиваться, -аюсь, -аешься",несов.,,,æвзи́дын,,,,,,,,,,
"замахну́ться, -ну́сь, -нёшься",сов.,,,фе́взидын,,,,,,,,,,
"замени́ть, -меню́, -ме́нишь",сов.,,,ба́ивын,,,,,,,,,,
"замерза́ть, -а́ю, -а́ешь",несов.,,,сǽлын,,,,,,,,,,
"замести́тель, -я",,,,хæди́вæг,,,,,,,,,,
"заме́тить, -ме́чу, -ме́тишь",сов.,,,ба́фиппайын,,,,,,,,,,
"заме́тка, -и",,,,уа́цхъуыд,,,,,,,,,,
"замеча́ние, -я",,,,фи́ппаинаг,,,,,,,,,,
"замеча́тельный, -ая, -ое",,,,за́мманай,,,,,,,,,,
"замеча́ть, -а́ю, -а́ешь",несов.,,,фи́ппайын,,,,,,,,,,
"замёрзнуть, -ну, -нешь",сов.,,,ныссǽлын,,,,,,,,,,
"замо́к, -мка́",,,,гуыды́р,,,,,,,,,,
"замолча́ть, -чу́, -чи́шь",сов.,,,ныхъхъу́с уæвын,,,,,,,,,,
"замора́живать, -аю, -аешь",несов.,,,сǽлын кæнын,,,,,,,,,,
"заморо́зить, -ро́жу, -ро́зишь",сов.,,,ныссǽлын кæнын,,,,,,,,,,
"за́муж  выходить, -хожу́, -хо́дишь",несов.,,,чындзы́ цæуын,,,,,,,,,,
"за́навес, -а",,,,æмбǽрзæн,,,,,,,,,,
"занима́ть1, -а́ю, -а́ешь","несов. (место, время)",,,а́хсын ,,,,,,,,,,
"занима́ть2, -а́ю, -а́ешь ",несов. (брать в долг) ,,,æфста́у исын,,,,,,,,,,
за́ново,нареч.,,,но́гæй,,,,,,,,,,
"занято́й, -а́я, -о́е",,,,æнǽвдæлон,,,,,,,,,,
"заня́ть1, займу́, займёшь ",сов.  ,,,ба́цахсын   ,,,,,,,,,,
"занять2, займу́, займёшь",сов. (взять в долг) ,,,æфста́у райсын,,,,,,,,,,
"за́пад, -а",,,,ныгуы́лæн,,,,,,,,,,
"за́падный, -ая, -ое",,,,ныгуы́лæн,,,,,,,,,,
"запе́ть, -пою́, -поёшь",сов.,,,нызза́рын,,,,,,,,,,
"запа́с, -а",,,,æвǽрæн,,,,,,,,,,
"запла́кать, -пла́чу, -пла́чешь",сов.,,,скǽуын ,,,,,,,,,,
"заплати́ть, -плачу́, -пла́тишь",сов.,,,ба́фидын,,,,,,,,,,
"запове́дник, -а",,,,фæдзǽхст бынат,,,,,,,,,,
"запо́лнить, -ню, -нишь",сов.,,,ба́ххæст кæнын,,,,,,,,,,
"запо́мнить, -ню, -нишь",сов.,,,зæрды́л бадарын ,,,,,,,,,,
,,,,ба́хъуыды кæнын,,,,,,,,,,
"запята́я, -о́й",лингв.,,,къæдзы́г,,,,,,,,,,
зара́нее,нареч.,,,ра́гагъоммæ ,,,,,,,,,,
,,,,ра́гацау,,,,,,,,,,
"зарпла́та, -ы",,,,мызд,,,,,,,,,,
"заря́, -и́",,,,сæуǽхсид,,,,,,,,,,
"заслу́женный, -ая, -ое",,,,сгуыхт,,,,,,,,,,
"заслу́живать, -аю, -аешь",несов.,,,а́ккаг уæвын,,,,,,,,,,
"засну́ть, -сну́, -снёшь",сов.,,,ба́фынæй уæвын,,,,,,,,,,
"засомнева́ться, -а́юсь, -а́ешься",сов.,,,фæды́зæрдыг уæвын,,,,,,,,,,
"заста́вить, -влю, -вишь",сов.,,,кæны́н,,,,,,,,,,
"заста́ть, -ста́ну, -ста́нешь",сов.,,,ба́ййафын,,,,,,,,,,
"застёжка, -и",,,,æгънǽг,,,,,,,,,,
зате́м,нареч.,,,стæй,,,,,,,,,,
зато́,союз,,,уы́й хыгъд,,,,,,,,,,
"захва́тчик, -а",,,,лæбу́рæг,,,,,,,,,,
"захоте́ть, -хочу́, -хо́чешь",,,,ба́фæндын,,,,,,,,,,
заче́м,местоим. нареч.,,,цæмǽн,,,,,,,,,,
"защища́ть, -а́ю, -а́ешь",несов.,,,хъа́хъхъæнын,,,,,,,,,,
"заявлен́ие, -я",,,,ку́рдиат,,,,,,,,,,
"за́яц, за́йца",,,,тæрхъу́с,,,,,,,,,,
"звать, зову́, зовёшь",несов.,,,си́дын,,,,,,,,,,
,,,,хо́нын,,,,,,,,,,
"звезда́, -ы́",,,,стъа́лы,,,,,,,,,,
"звено́, -а́",,,,цæг,,,,,,,,,,
"звеня́щий, -ая, -ее",,,,зыла́нггæнаг,,,,,,,,,,
"звери́нец, -нца",,,,сырддо́н,,,,,,,,,,
"зверь, -я",,,,сырд,,,,,,,,,,
"звон, -а",,,,зæлла́нг ,,,,,,,,,,
,,,,зыла́нг,,,,,,,,,,
"звони́ть, -ню́, -ни́шь",несов. ,,1. (по телефону),те́лефонæй дзурын,,,,,,,,,,
,,,2.,цæгъды́н,,,,,,,,,,
"зво́нкий, -ая, -ое",,,1. (о голосе),цъæхсна́г,,,,,,,,,,
,,,2. лингв.,зыла́нгон,,,,,,,,,,
"звоно́к, -нка́",,,,дзæнгǽрæг,,,,,,,,,,
"звук, -а",,,1.  муз.,зæл,,,,,,,,,,
,,,2.  лингв. ,мыр,,,,,,,,,,
"звуча́ние, -я",,,,зǽлынад,,,,,,,,,,
"звуча́ть, -чу́, -чи́шь",несов.,,,зǽлын,,,,,,,,,,
"зда́ние, -я",,,,а́гъуыст,,,,,,,,,,
здесь,нареч.,,,ам,,,,,,,,,,
"здоро́ваться, -аюсь, -аешься",несов.,,,сала́м дæттын,,,,,,,,,,
"здоро́вый, -ая, -ое",,,,æнǽниз,,,,,,,,,,
"здоро́вье, -я",,,,æнǽниздзинад ,,,,,,,,,,
здра́вствуй!,,,,æга́с цу!,,,,,,,,,,
"зева́ть, -а́ю, -а́ешь",несов.,,,ко́м ивазын,,,,,,,,,,
"зевну́ть, -ну́, -нёшь",сов.,,,ко́м айвазын,,,,,,,,,,
"зелёный, -ая, -ое",,,,цъæх ,,,,,,,,,,
,,,,кæрдǽгхуыз,,,,,,,,,,
"землетрясе́ние, -я",,,,зæххǽнкъуыст,,,,,,,,,,
"земля́, -и́",,,,зæхх,,,,,,,,,,
"земно́й, -а́я, -о́е",,,,зæххо́н,,,,,,,,,,
"зе́ркало, -а",,,,кæсǽн ,,,,,,,,,,
,,,,а́йдæн,,,,,,,,,,
"зерно́, -а́",,,,хор,,,,,,,,,,
"зёрнышко, -а",,,,нæмы́г,,,,,,,,,,
"зима́, -ы́",,,,зымǽг,,,,,,,,,,
"зи́мний, -яя, -ее",,,,зымǽгон,,,,,,,,,,
"зли́ть(ся), злю(сь), зли́шь(ся)",несов.,,,мæсты́ кæнын,,,,,,,,,,
"злой, -а́я, -о́е",,,,мæсты́,,,,,,,,,,
"змея́, -и́",зоол.,,,калм ,,,,,,,,,,
"знак, -а",,,,ныса́н,,,,,,,,,,
"знако́мить(ся), -млю(сь), -мишь(ся)",несов.,,,зо́нгæ кæнын,,,,,,,,,,
"знако́мый, -ая, -ое",,,,зо́нгæ,,,,,,,,,,
"знамени́тый, -ая, -ое",,,,но́мдзыд,,,,,,,,,,
"зна́ние, -я",,,,зо́нындзинад,,,,,,,,,,
"знать, зна́ю, зна́ешь",несов.,,,зо́нын,,,,,,,,,,
"значе́ние, -я",,,,ныса́ниуæг,,,,,,,,,,
значи́тельно,нареч.,,,дзæвга́р,,,,,,,,,,
"значи́тельный, -ая, -ое",,,,а́хадгæ,,,,,,,,,,
"зной, зно́я",,,,æнтǽф,,,,,,,,,,
"зно́йный, -ая, -ое",,,,æнтǽф,,,,,,,,,,
"зов, -а",,,,сидт,,,,,,,,,,
"зо́лото, -а",,,,сыгъзǽрин,,,,,,,,,,
"золото́й, -ая, -ое",,,,зæри́н ,,,,,,,,,,
,,,,сыгъзǽрин,,,,,,,,,,
"зо́ркий, -ая, -ое",,,,цырддза́ст,,,,,,,,,,
"зри́тель, -я",,,,кæсǽг,,,,,,,,,,
зря,"нареч., разг.",,,уǽгъды ,,,,,,,,,,
,,,,дзǽгъæлы,,,,,,,,,,
"зуб, -а",,,,дæнда́г ,,,,,,,,,,
и,союз,,,æмǽ,,,,,,,,,,
"игра́, -ы́",,,1.,хъазт,,,,,,,,,,
,,,2. (на муз. инстр.),цагъд,,,,,,,,,,
"игра́ть, -а́ю, -а́ешь",несов.,,1. ,хъа́зын,,,,,,,,,,
,,,2. (на муз. инстр.),цæгъды́н,,,,,,,,,,
"игри́вый, -ая, -ое",,,,хъа́заг,,,,,,,,,,
"игру́шка, -и",,,,хъа́зæн,,,,,,,,,,
"иде́я, -и",,,,иде́йæ,,,,,,,,,,
"идт́и, иду́, идёшь",несов.,,,цæуы́н,,,,,,,,,,
"изба́вить, -влю, -вишь",сов.,,,ба́хизын,,,,,,,,,,
"избало́ванный, -ая, -ое",,,,буц,,,,,,,,,,
"и́збранный, -ая, -ое",,,,æвзǽрст,,,,,,,,,,
изве́стно,в функц. сказ.,,,бæрǽг у ,,,,,,,,,,
,,,,зындго́нд у,,,,,,,,,,
"изве́стный, -ая, -ое",,,,зындго́нд ,,,,,,,,,,
"и́звесть, -и",,,,чъыр,,,,,,,,,,
"извиня́ться, -я́юсь, -я́ешься",несов.,,,хаты́р курын,,,,,,,,,,
и́здавна,нареч.,,,ра́гæй ,,,,,,,,,,
,,,,ра́гæй фæстæмæ,,,,,,,,,,
издалека́,нареч.,,,да́рдæй,,,,,,,,,,
"изда́тельство, -а",,,,ра́уагъдад,,,,,,,,,,
из-за,союз,,,тыххǽй,,,,,,,,,,
"изли́шек, -шка",,,,уæлда́й,,,,,,,,,,
"излучение, -я",,,,тæмǽн,,,,,,,,,,
"измене́ние, -я",,,,и́вддзинад,,,,,,,,,,
"измени́ть, -меню́, -ме́нишь",сов.,,,а́ивын ,,,,,,,,,,
,,,,фе́ндæрхуызон кæнын,,,,,,,,,,
"изменя́ть, -я́ю, -я́ешь",несов.,,,и́вын ,,,,,,,,,,
,,,,æндǽрхуызон кæнын,,,,,,,,,,
"изме́рить, -ме́рю, -ме́ришь",сов.,,,сба́рын,,,,,,,,,,
"измеря́ть, -я́ю, -я́ешь",несов.,,,ба́рын,,,,,,,,,,
изнутри́,нареч.,,,ми́дæгæй,,,,,,,,,,
"изоби́льный, -ая, -ое",,,,бæрка́дджын,,,,,,,,,,
"изображе́ние, -я",,,,су́рæт,,,,,,,,,,
"изобрета́тель, -я",,,,æрхъуы́дыгæнæг,,,,,,,,,,
и́зредка,нареч.,,,стǽм хатт ,,,,,,,,,,
,,,,искуы-и́у хатт,,,,,,,,,,
"изя́щество, -а",,,,фи́дауц,,,,,,,,,,
и́ли,союз,,1.,кæнǽ,,,,,,,,,,
,,,2. (в вопросит. предл.) ,æви́,,,,,,,,,,
имени́тельный : падеж,,,,но́мон хауæн,,,,,,,,,,
"име́ть, -е́ю, -е́ешь",(обладать),,,уæвы́н,,,,,,,,,,
"иму́щество, -а",,,,мулк ,,,,,,,,,,
,,,,и́сбон,,,,,,,,,,
"и́мя, и́мени",,,,ном ,,,,,,,,,,
ина́че,,,1. нареч.,æндǽр хуызы,,,,,,,,,,
,,,2. союз,на́уæд ,,,,,,,,,,
,,,,кæнно́д,,,,,,,,,,
"ингу́ш, -а́",,,,мæхъхъǽлон ,,,,,,,,,,
"ингу́шский, -ая, -ое",,,,мæхъхъǽлон,,,,,,,,,,
"индоевропе́йский, -ая, -ое",,,,индоевро́пæйаг,,,,,,,,,,
"индустри́я, -и",,,,инду́стри,,,,,,,,,,
"индю́к, -а́",,,,го́гыз,,,,,,,,,,
"и́ней, -я",тк. ед.,,,ха́лас,,,,,,,,,,
"инициати́ва, -ы",,,,хъæппǽрис,,,,,,,,,,
иногда́,нареч.,,,ха́тгай ,,,,,,,,,,
"иностра́нец, -нца",,,,фæса́рæйнаг,,,,,,,,,,
"иностра́нный, -ая, -ое",,,,фæса́рæйнаг,,,,,,,,,,
"интере́сный, -ая, -ое",,,,цымы́дисаг,,,,,,,,,,
"иска́ть, ищу́, и́щешь",несов.,,,а́гурын,,,,,,,,,,
"искри́ться, -рю́сь, -ри́шься",несов.,,,цæхǽртæ калын,,,,,,,,,,
"иску́сный, -ая, -ое",,,,дæсны́,,,,,,,,,,
"иску́сственный, -ая, -ое",,,,а́разгæ,,,,,,,,,,
"иску́сство, -а",,,,а́ивад,,,,,,,,,,
"испари́ться, -рю́сь, -ри́шься",сов.,,,ба́йсысын,,,,,,,,,,
"испо́лниться, -нюсь, -нишься",сов.,,,сǽххæст уæвын,,,,,,,,,,
"испо́льзование, -я",,,,пайда́кæнынад,,,,,,,,,,
"испо́льзовать, -зую, -зуешь",сов.,,,спа́йда кæнын,,,,,,,,,,
"испо́ртить, -по́рчу, -по́ртишь",сов.,,,фе́халын,,,,,,,,,,
"испо́ртиться, -по́рчусь, -по́ртишься",сов.,,,фе́хæлын,,,,,,,,,,
"испо́рченный, -ая, -ое",,,,хæлд,,,,,,,,,,
,,,,саст,,,,,,,,,,
"испра́вить, -влю, -вишь",сов.,,,сра́ст кæнын,,,,,,,,,,
"исправля́ть, -я́ю, -я́ешь",несов.,,,ра́ст кæнын,,,,,,,,,,
испу́ганно,нареч.,,,та́рстхуызæй,,,,,,,,,,
"испу́ганный, -ая, -ое",,,,тарст,,,,,,,,,,
"испуга́ть, -а́ю, -а́ешь",сов.,,,фæтǽрсын кæнын,,,,,,,,,,
"испуга́ться, -а́юсь, -а́ешься",сов.,,,фæтǽрсын,,,,,,,,,,
"испыта́ние, -я",,,,фæлв́арæн,,,,,,,,,,
"испыта́ть, -а́ю, -а́ешь",сов. ,,,ба́взарын,,,,,,,,,,
"испы́тывать, -аю, -аешь",несов.,,1. (кого-то),фæлва́рын,,,,,,,,,,
,,,2. (что-то) ,æвза́рын,,,,,,,,,,
"иссле́дователь, -я",,,,и́ртасæг,,,,,,,,,,
"иссле́довательский, -ая, -ое",,,,и́ртасæн,,,,,,,,,,
"иссле́довать, -дую, -дуешь",несов.,,,и́ртасын,,,,,,,,,,
"и́стина, -ы",,,,æцǽгдзинад,,,,,,,,,,
"исто́к, -а",,,,ра́тæдзæн,,,,,,,,,,
"истори́ческий, -ая, -ое",,,,исто́рион,,,,,,,,,,
"исто́рия, -и",,,,исто́ри,,,,,,,,,,
"истреби́ть, -блю́,-би́шь",сов.,,,скуы́нæг кæнын ,,,,,,,,,,
,,,,фæцǽгъдын,,,,,,,,,,
"истреблённый, -ая, -ое",,,,цагъд ,,,,,,,,,,
"истребля́ть, -я́ю, -я́ешь",несов.,,,цæгъды́н ,,,,,,,,,,
"исчеза́ть, -а́ю, -а́ешь",несов.,,,сǽфын,,,,,,,,,,
"исчезнове́ние, -я",,,,сæфт,,,,,,,,,,
"исче́знуть, -ну, -нешь",сов.,,,фе́сæфын ,,,,,,,,,,
,,,,æрба́йсæфын,,,,,,,,,,
ита́к,вводн. сл.,,,а́фтæмæй ,,,,,,,,,,
,,,,уæдǽ,,,,,,,,,,
их,местоим.,,,уы́доны ,,,,,,,,,,
,,,,сæхи́,,,,,,,,,,
"ище́йка, -и",,,,фæды́смудæг,,,,,,,,,,
к сожале́нию,вводн. сл.,,,хъыга́гæн,,,,,,,,,,
к тому времени,наречное выраж.,,,уа́лынмæ,,,,,,,,,,
,,,,уæдмǽ,,,,,,,,,,
"кабарди́нец, -нца",,,,кæсго́н ,,,,,,,,,,
"кабарди́нский, -ая, -ое",,,,кæсго́н,,,,,,,,,,
"ка́ждый, -ого",местоим.,,,а́лчи ,,,,,,,,,,
,,,,а́лчидæр,,,,,,,,,,
"ка́ждый, -ая, -ое",,,,а́лы,,,,,,,,,,
ка́жется,вводн. сл.,,,æнхъǽлдæн,,,,,,,,,,
"каза́к, -а́",,,,хъаза́хъхъаг,,,,,,,,,,
"каза́х, -а",,,,хъаза́хаг,,,,,,,,,,
"каза́хский, -ая, -ое",,,,хъаза́хаг,,,,,,,,,,
"каза́цкий, -ая, -ое",,,,хъаза́хъхъаг,,,,,,,,,,
как,"нареч., союз",,,куыд,,,,,,,,,,
,,,,куыдǽй,,,,,,,,,,
как то́лько,союз,,,куыддǽр,,,,,,,,,,
ка́к-нибудь,нареч.,,,и́скуыд ,,,,,,,,,,
,,,,и́сты хуызы,,,,,,,,,,
како́й,местоим.,,,ца́вæр,,,,,,,,,,
како́й-нибудь,местоим.,,1. (один из),и́скæцы ,,,,,,,,,,
,,,2. (любой) ,и́сты,,,,,,,,,,
како́й-то,местоим.,,1. (неопредел.),ца́вæрдæр ,,,,,,,,,,
,,,2. (один из),кǽцыдæр,,,,,,,,,,
"кали́на, -ы",бот.,,,мыртгǽ,,,,,,,,,,
"калмы́к, -а",,,,хъалмы́хъхъаг,,,,,,,,,,
"калмы́кский, -ая, -ое",,,,хъалмы́хъхъаг,,,,,,,,,,
"камени́стый, -ая, -ое",,,,ду́рджын,,,,,,,,,,
"ка́менный, -ая, -ое",,,,ду́рын,,,,,,,,,,
"ка́мень, -мня",,,,дур,,,,,,,,,,
"кам́ыш, -а́",бот.,,,хъа́мыл,,,,,,,,,,
"кана́ва, -ы",,,,къа́нау,,,,,,,,,,
"кани́кулы, кани́кул",тк. мн.,,,кани́култæ,,,,,,,,,,
"ка́пать, -аю, -аешь",несов.,,1. (наливать каплями),та́дзын,,,,,,,,,,
,,,2. (падать каплями) ,тæдзы́н,,,,,,,,,,
"ка́пля, -и",,,,æрта́х,,,,,,,,,,
"ка́пнуть, -ну, -нешь",сов.,,,нытта́дзын,,,,,,,,,,
"капри́зничать, -аю, -аешь",несов.,,,тæргǽйттæ кæнын,,,,,,,,,,
"капри́зный, -ая, -ое",,,,тæрга́йгæнаг,,,,,,,,,,
"капу́ста, -ы",бот.,,,къабу́ска,,,,,,,,,,
"карача́евец, -вца",,,,хъæрǽсейаг,,,,,,,,,,
"карача́евский, -ая, -ое",,,,хъæрǽсейаг,,,,,,,,,,
"каранда́ш, -а́",,,,къра́ндас,,,,,,,,,,
"карма́н, -а",,,,дзыпп,,,,,,,,,,
"ка́рта, -ы",,,,ка́ртæ,,,,,,,,,,
"карта́вый, -ая, -ое",,,,гуылǽвзаг,,,,,,,,,,
"карто́фель, -я",бот.,,,карто́ф ,,,,,,,,,,
"катастро́фа, -ы",,,,бæллǽх,,,,,,,,,,
"кати́ть, качу́, ка́тишь",несов.,,,ту́лын,,,,,,,,,,
"кати́ться, качу́сь, ка́тишься",несов.,,,ту́лын ,,,,,,,,,,
"като́к, -тка́",,,,бырǽн ,,,,,,,,,,
,,,,бырǽн фæз,,,,,,,,,,
"кача́ть, -а́ю, -а́ешь",несов.,,,у́зын,,,,,,,,,,
"кача́ться, -а́юсь, -а́ешься",несов.,,,дзе́дзырой кæнын,,,,,,,,,,
"ка́чественный, -ая, -ое",,,,хæрзхъǽд,,,,,,,,,,
"ка́чество, -а",,,1.,хъæд,,,,,,,,,,
,,,2. (свойство),ми́ниуæг ,,,,,,,,,,
"ка́ша, -и",,,,кас,,,,,,,,,,
"ка́шлянуть, -ну, -нешь",сов.,,,схуы́фын,,,,,,,,,,
"ка́шлять, -яю, -яешь",несов.,,,хуыфы́н,,,,,,,,,,
"кварта́л, -а",,,1. (часть поселения),сых,,,,,,,,,,
,,,2. (часть года),кварта́л,,,,,,,,,,
"квас, -а",,,,къуымǽл,,,,,,,,,,
"кефи́р, -а",,,,ми́сын,,,,,,,,,,
"кида́ть, -а́ю, -а́ешь",несов.,,,æппа́рын,,,,,,,,,,
"кинжа́л, -а",,,,хъа́ма,,,,,,,,,,
"кинофи́льм, -а",,,,ки́ноныв,,,,,,,,,,
"кипе́ть, -плю́, -пи́шь",несов.,,,фыцы́н  ,,,,,,,,,,
,,,,æхси́дын,,,,,,,,,,
"кирпи́ч, -а́",,,,а́гуыридур,,,,,,,,,,
"кислоро́д, -а",хим.,,,туа́ггуыр,,,,,,,,,,
"кислота́, -ы́",хим.,,,туа́гад,,,,,,,,,,
"ки́слый, -ая, -ое",,,,туаг,,,,,,,,,,
"ки́сточка, -и",,,,цъылы́нæг,,,,,,,,,,
"кла́дбище, -а",,,,уæлмǽрд,,,,,,,,,,
"кла́дка, -и",,,,а́мад,,,,,,,,,,
"кладова́я, -о́й",,,,къæби́ц,,,,,,,,,,
"класс, -а",,,,кълас,,,,,,,,,,
"кла́сть, кладу́, кладёшь",несов.,,,æвǽрын,,,,,,,,,,
"клева́ть, клюю́, клюёшь",несов.,,,уи́дзын,,,,,,,,,,
"кле́ить, кле́ю, кле́ишь",несов.,,,ныха́сын,,,,,,,,,,
,,,,æнда́дзын,,,,,,,,,,
"клей, -я",,,,сасм,,,,,,,,,,
"кле́тка, -и",,,,къа́лати,,,,,,,,,,
"клён, -а",бот.,,,тæгǽр,,,,,,,,,,
"клок, -а́",,,,бындзы́г,,,,,,,,,,
"клубни́ка, -и",бот.,,,æры́скъæф,,,,,,,,,,
"ключ, -а́",,,,дæгъǽл,,,,,,,,,,
"кля́сться, кляну́сь, клянёшься",несов.,,,а́рд хæрын,,,,,,,,,,
,,,,со́мы кæнын,,,,,,,,,,
"кля́тва, -ы",,,,со́мы ,,,,,,,,,,
,,,,ард,,,,,,,,,,
"кни́га, -и",,,,чи́ныг,,,,,,,,,,
"кни́жный, -ая, -ое",,,,чи́ныджы,,,,,,,,,,
"князь, -я",,,,къниа́з,,,,,,,,,,
"кова́рный, -ая, -ое",,,,мæнга́рд,,,,,,,,,,
"кова́рство, -а",,,,мæнга́рддзинад,,,,,,,,,,
"ковёр, -вра́",,,,га́уыз,,,,,,,,,,
когда́,,,1. нареч. ,кæд,,,,,,,,,,
,,,2. союз ,куы,,,,,,,,,,
когда́-нибудь, нареч.,,,и́скæд,,,,,,,,,,
,,,,и́скуы,,,,,,,,,,
когда́-то, нареч.,,,кæддǽр,,,,,,,,,,
ко́е-где, нареч.,,,ра́нæй-рæтты,,,,,,,,,,
ко́е-кто,местоим.,,1. (неопредел.),чи́дæртæ,,,,,,,,,,
,,,2. (одни из)  ,и́уæй-иутæ,,,,,,,,,,
ко́е-что,местоим.,,,цыдǽртæ,,,,,,,,,,
"ко́жа, -и",,,1. (выделанная шкура),сæра́к,,,,,,,,,,
,,,2. (наружн. покров тела),царм,,,,,,,,,,
"кожура́, -ы́",,,,цъар ,,,,,,,,,,
"коза́, -ы́",зоол.,,,сæгъ,,,,,,,,,,
"Козеро́г, -а",зодиак.,,,Сæгъы́сы,,,,,,,,,,
"козлёнок, -нка",зоол.,,,сæны́кк,,,,,,,,,,
"коле́но, -а",анат.,,,уæра́г,,,,,,,,,,
"колесо́, -а́",,,,цалх,,,,,,,,,,
"коли́чество, -а",,,,бæрц,,,,,,,,,,
"коло́дец, -дца",,,,цъай,,,,,,,,,,
"ко́локол, -а",,,,дзæнгǽрæг,,,,,,,,,,
"коло́нна, -ы",,,,ду́рдзæджындз ,,,,,,,,,,
,,,,цæджы́ндз,,,,,,,,,,
"ко́лос, -а",бот.,,,æфси́р,,,,,,,,,,
"колыбе́ль, -и",,,,а́вдæн,,,,,,,,,,
"кольцо́, -а́",,,1. (украшение),къу́хдарæн,,,,,,,,,,
,,,2. (обод),тæлы́,,,,,,,,,,
"колю́чий, -ая, -ее",,,,сындзджы́н,,,,,,,,,,
"колю́чка, -и",,,,сындз,,,,,,,,,,
"кома́р, -а",зоол.,,,къо́гъо,,,,,,,,,,
"коми́ссия, -и",,,,къа́мис,,,,,,,,,,
"ко́мната, -ы",,,,уат ,,,,,,,,,,
"комо́к, -мка́",,,,къуыба́р,,,,,,,,,,
"конве́рт, -а",,,,къонве́рт,,,,,,,,,,
"коне́ц, -нца́",,,,кæро́н,,,,,,,,,,
"коне́чность, -и",,,,къа́баз ,,,,,,,,,,
"конкре́тный, -ая, -ое",,,,бæлвы́рд,,,,,,,,,,
,,,,конкре́тон,,,,,,,,,,
"ко́нный, -ая, -ое",,,,бæхджы́н,,,,,,,,,,
"конфе́та, ы",,,,къафе́тт,,,,,,,,,,
"конь, -я́",зоол.,,,бæх,,,,,,,,,,
"коньки́, -о́в",тк. мн.,,,къа́хкъæлæттæ,,,,,,,,,,
"копа́ть, -а́ю, -а́ешь",несов.,,,къа́хын,,,,,,,,,,
"копе́йка, -и",,,,капе́кк,,,,,,,,,,
"копы́то, -а",,,,сæфтǽг ,,,,,,,,,,
"копьё, -я́",,,,арц,,,,,,,,,,
"кора́, -ы́",,,,цъар,,,,,,,,,,
"кора́бль, -я́",,,,нау,,,,,,,,,,
"Кора́н, -а",рел.,,,Хъуыра́н,,,,,,,,,,
"корена́стый, -ая, -ое",,,,уæнгджы́н,,,,,,,,,,
"ко́рень, -рня",,,,уи́даг,,,,,,,,,,
"корзи́на, -ы",,,,тæскъ ,,,,,,,,,,
"коридо́р, -а",,,,тыргъ,,,,,,,,,,
"кори́чневый, -ая, -ое",,,,мо́рæ,,,,,,,,,,
"корм, -а",,,,хо́ллаг,,,,,,,,,,
"корми́ть, -млю́, -мишь",несов.,,,хǽринаг дарын ,,,,,,,,,,
,,,,хæры́н кæнын,,,,,,,,,,
"коро́ва, -ы",зоол.,,,хъуг,,,,,,,,,,
"коро́ль, -я́",,,,къаро́л,,,,,,,,,,
"коро́ткий, -ая, -ое",,,,цыбы́р,,,,,,,,,,
ко́ротко,нареч.,,,цыбы́р,,,,,,,,,,
,,,,цыбы́ртæй,,,,,,,,,,
коро́че,вводн.сл.,,,цыбы́р дзырдæй,,,,,,,,,,
"корреспонде́нт, -а",,,,уа́цхæссæг,,,,,,,,,,
"коса́1, -ы́,",,,,дзыкку́,,,,,,,,,,
"коса́2, -ы́,",,,,цæвǽг,,,,,,,,,,
"коси́ть, кошу́, ко́сишь",несов.,,,кæрды́н,,,,,,,,,,
"костёр, -тра́",,,,арт,,,,,,,,,,
"кость, -и",,,,стæг,,,,,,,,,,
"косу́ля, -и",зоол.,,,сæгуы́т,,,,,,,,,,
"косы́нка, -и",,,,сæрбǽттæн,,,,,,,,,,
"котёл, -тла́",,,,аг,,,,,,,,,,
"котёнок, -нка",зоол.,,,гæды́йы лæппын,,,,,,,,,,
"кото́мка, -и",,,,дзæкъ́ул,,,,,,,,,,
"кото́рый, -ая, -ое",местоим.,,,кǽцы ,,,,,,,,,,
,,,,ца́лæм,,,,,,,,,,
ко́фе,неизм.,,,къо́фи,,,,,,,,,,
"кочева́ть, -чу́ю, -чу́ешь",несов.,,,цæугǽцард кæнын,,,,,,,,,,
"коче́вник, -а",,,,цæугǽцардгæнæг,,,,,,,,,,
"кошелёк, -лька́",,,,æхца́дон ,,,,,,,,,,
,,,,чыссǽ,,,,,,,,,,
"ко́шка, -и",зоол.,,,гæды́,,,,,,,,,,
"кра́деный, -ая, -ое",,,,да́вæггаг,,,,,,,,,,
"край, -я",,,,кæро́н,,,,,,,,,,
"кра́йний, -яя, -ее",,,,кæро́йнаг,,,,,,,,,,
"краса́, -ы́",,,,фи́дауц,,,,,,,,,,
"краси́вый, -ая, -ое",,,,рæсу́гъд,,,,,,,,,,
"кра́сить, кра́шу, кра́сишь",несов.,,,а́хорын,,,,,,,,,,
"кра́ска, -и",,,,а́хорæн,,,,,,,,,,
"кра́сный, -ая, -ое",,,,сырх,,,,,,,,,,
"красота́, -ы́",,,,рæсу́гъддзинад,,,,,,,,,,
"красть, краду́, крадёшь",несов.,,,да́вын,,,,,,,,,,
"кра́сться, краду́сь, крадёшься",несов.,,,хъуызы́н,,,,,,,,,,
"кре́пкий, -ая, -ое",,,,фи́дар,,,,,,,,,,
кре́пко,нареч.,,,фи́дар,,,,,,,,,,
"кре́пнуть, -ну, -нешь",несов.,,,фи́дар кæнын,,,,,,,,,,
"кре́пость, -и",,,,гæна́х  ,,,,,,,,,,
,,,,фи́дар,,,,,,,,,,
"кре́сло, -а",,,,къæлǽтджын бандон,,,,,,,,,,
"крест, -а́",рел.,,,дзуар,,,,,,,,,,
"крести́ть, крещу́, кре́стишь",несов.,,,а́ргъауын ,,,,,,,,,,
,,,,дзуǽрттæ æфтауын,,,,,,,,,,
"крести́ться, крещусь́, кре́стишься",несов.,,,дзуǽрттæ æфтауын,,,,,,,,,,
"криво́й, -а́я, -о́е",,,,зылы́н,,,,,,,,,,
"кривоно́гий, -ая, -ое",,,,зылы́нкъах,,,,,,,,,,
"крик, -а",,,,хъæр,,,,,,,,,,
"крича́ть, -чу́, -чи́шь",несов.,,,хъæр кǽнын,,,,,,,,,,
"крова́ть, -и",,,,сынтǽг,,,,,,,,,,
"кровожа́дный, -ая, -ое",,,,ту́гмондаг,,,,,,,,,,
"кровь, -и",,,,туг,,,,,,,,,,
кро́ме,предлог,,,фæстǽмæ ,,,,,,,,,,
,,,,уæлда́й,,,,,,,,,,
"круг, -а",,,,зи́ллакк ,,,,,,,,,,
"кру́глый, -ая, -ое",,,,тымбы́л,,,,,,,,,,
"кружи́ться, -жу́сь, -жишься",несов.,,,зи́лдух кæнын,,,,,,,,,,
"кружо́к, -жка́",(группа),,,къорд,,,,,,,,,,
"круто́й, -а́я, -о́е",,,,уырды́г  ,,,,,,,,,,
,,,,цæхгǽр,,,,,,,,,,
"крыла́тый, -ая, -ое",,,,ба́зырджын,,,,,,,,,,
"крыло́, -а́",,,,ба́зыр,,,,,,,,,,
"кры́са, -ы",зоол.,,,уыры́,,,,,,,,,,
"кры́ша, -и",,,,сæр,,,,,,,,,,
"крючо́к, -чка",,,,къæндзы́,,,,,,,,,,
кста́ти,вводн.сл.,,,хæдǽгай,,,,,,,,,,
кто,местоим.,,,чи,,,,,,,,,,
кто́-нибудь,местоим.,,,и́счи,,,,,,,,,,
кто́-то,местоим.,,,чи́дæр,,,,,,,,,,
куда́,нареч.,,,кæдǽм,,,,,,,,,,
куда́-нибудь,нареч.,,,и́скæдæм ,,,,,,,,,,
,,,,и́скуыдæм,,,,,,,,,,
куда́-то,нареч.,,,кæдǽмдæр,,,,,,,,,,
"куда́хтать, -хчу, -хчешь",несов.,,,хъуыда́тт кæнын,,,,,,,,,,
"кудря́вый, -ая, -ое",,,,къæбǽлдзыг ,,,,,,,,,,
,,,,къæбæлдзыгсǽр,,,,,,,,,,
"кузне́ц, -а́",,,,куырд,,,,,,,,,,
"кузне́чик, -а",зоол.,,,цъырцъы́раг,,,,,,,,,,
"ку́зница, -ы",,,,куырда́дз,,,,,,,,,,
"ку́кла, -ы",,,,чындз,,,,,,,,,,
,,,,ку́кла,,,,,,,,,,
"кукуру́за, -ы",бот.,,,нартхо́р,,,,,,,,,,
"куку́шка, -и",зоол.,,,га́кк-гукк,,,,,,,,,,
"кула́к, -а́",,,,тымбы́лкъух,,,,,,,,,,
"кумы́к, -а",,,,хъуымы́хъхъаг,,,,,,,,,,
"кумы́кский, -ая, -ое",,,,хъуымы́хъхъаг,,,,,,,,,,
"купа́ть, -а́ю, -а́ешь",несов.,,,на́йын,,,,,,,,,,
"купа́ться, -а́юсь, -а́ешься",несов.,,,хи́ найын,,,,,,,,,,
"купи́ть, куплю́, ку́пишь",сов.,,,ба́лхæнын,,,,,,,,,,
"ку́рица, -ы",зоол.,,,карк ,,,,,,,,,,
"куря́тина, -ы",,,,ка́рчы фыд,,,,,,,,,,
"кусо́к, -ска́",,,,карст ,,,,,,,,,,
,,,,къæбǽр,,,,,,,,,,
"куст, -а́",бот.,,,къу́дзи,,,,,,,,,,
"куста́рник, -а",бот.,,,къу́тæр,,,,,,,,,,
"ку́хня, -и",,,,цæлгǽнæн,,,,,,,,,,
"ку́ча, -и",,,,кæри́,,,,,,,,,,
"ку́чер, -а",,,,бæхтǽрæг,,,,,,,,,,
"лави́на, -ы",,,,зæй,,,,,,,,,,
ла́дно,нареч. и  разг. частица,,,хорз,,,,,,,,,,
"ладо́нь, -и",анат.,,,а́рмытъæпæн,,,,,,,,,,
"ла́мпа, -ы",,,,цыра́гъ ,,,,,,,,,,
"ла́ндыш, -а",бот.,,,джыджы́на,,,,,,,,,,
"ла́па, -ы",,,,дзæмбы́,,,,,,,,,,
"ласка́ть, -а́ю, -а́ешь",несов.,,,рæвда́уын,,,,,,,,,,
"ла́сковый, -ая, -ое",,,,рæвда́угæ,,,,,,,,,,
"ла́стик, а",,,,фыстха́лæн,,,,,,,,,,
"ла́сточка, -и",зоол.,,,зæрва́тыкк,,,,,,,,,,
"лата́ть, -а́ю, -а́ешь",несов.,,,æмпъу́зын,,,,,,,,,,
"ла́ять, ла́ю, ла́ешь",несов.,,,рæйы́н,,,,,,,,,,
"лгать, лгу, лжёшь",несов.,,,са́йын,,,,,,,,,,
"лев, льва",зоол.,,,домба́й,,,,,,,,,,
"левша́, -и́",,,,га́лиуæг,,,,,,,,,,
"ле́вый, -ая, -ое",,,,га́лиу,,,,,,,,,,
легко́,нареч.,,,ро́гæй,,,,,,,,,,
,,,,æнцо́нæй,,,,,,,,,,
"легкомы́сленный, -ая, -ое",,,1.,ро́гзонд ,,,,,,,,,,
,,,,рæузо́нд,,,,,,,,,,
,,,2. (переносн.),рог  ,,,,,,,,,,
"ледни́к, -а́",,,,цъи́ти,,,,,,,,,,
"ледяно́й, -ая, -ое",,,,и́хын ,,,,,,,,,,
,,,,и́хджын,,,,,,,,,,
"лежа́нка, -и",,,,хуыссǽн,,,,,,,,,,
"лежа́ть, -жу́, -жи́шь",несов.,,,хуыссы́н,,,,,,,,,,
"лезги́н, -а",,,,лезги́наг,,,,,,,,,,
"лезги́нский, -ая, -ое",,,,лезги́наг,,,,,,,,,,
"лезть, ле́зу, ле́зешь",несов.,,1. (через что-то),хи́зын  ,,,,,,,,,,
,,,2. (взбираться),быры́н ,,,,,,,,,,
"лека́рство, -а",,,,хос ,,,,,,,,,,
"лени́вый, -ая, -ое",,,,зи́вæггæнаг,,,,,,,,,,
"лени́ться, леню́сь, ле́нишься",несов.,,,зи́вæг кæнын,,,,,,,,,,
"лес, -а",,,,хъæд ,,,,,,,,,,
"лесни́к, -а́",,,,хъæдгǽс,,,,,,,,,,
"лесопи́льный, -ая, -ое",,,,хъæдфа́дæн,,,,,,,,,,
"лесору́б, -а",,,,хъæддза́у,,,,,,,,,,
"ле́стница, -ы",,,,а́син,,,,,,,,,,
"лесть, -и",,,,козба́у,,,,,,,,,,
"лете́ть, лечу́, лети́шь",несов.,,,тæхы́н,,,,,,,,,,
"ле́тний, -яя, -ее",,,,сæрды́гон,,,,,,,,,,
"ле́то, -а",,,,сæрд,,,,,,,,,,
"летопи́сец, -сца",,,,а́зфыссæг,,,,,,,,,,
"ле́топись, -и",,,,а́зфыст,,,,,,,,,,
"лечи́ть, лечу́, ле́чишь",несов.,,,дзæбǽх кæнын,,,,,,,,,,
"лечь, ля́гу, ля́жешь",сов.,,,æрхуы́ссын ,,,,,,,,,,
,,,,схуы́ссын,,,,,,,,,,
"лёгкий, -ая, -ое",,,,рог  ,,,,,,,,,,
,,,,æнцо́н,,,,,,,,,,
"лёд, льда",,,,их,,,,,,,,,,
"лётчик, -а",,,,тæхǽг ,,,,,,,,,,
"лжи́вость, -и",,,,мæнгдзи́над,,,,,,,,,,
"ли́ния, -и",,,,хахх,,,,,,,,,,
"ли́па, -ы",бот.,,,су́схъæд,,,,,,,,,,
"лиса́, -ы́",зоол.,,,ру́вас,,,,,,,,,,
"лист, -а́",,,,сыф,,,,,,,,,,
"листва́, -ы́",тк. ед.,,,сыфтǽр,,,,,,,,,,
"ли́ственный, -ая, -ое",,,,сыфтǽрджын,,,,,,,,,,
"литерат́ура, -ы",,,,литерату́рæ,,,,,,,,,,
"лицо́, -а́",,,,цæсго́м,,,,,,,,,,
"ли́шний, -яя, -ее",,,,уæлда́й,,,,,,,,,,
"лоб, лба",анат.,,,ных,,,,,,,,,,
"лови́ть, ловлю́, ло́вишь",несов.,,,а́хсын,,,,,,,,,,
"ло́вкий, -ая, -ое",,,,а́рæхстджын,,,,,,,,,,
"ло́вкость, -и",,,,а́рæхстдзинад,,,,,,,,,,
"ло́дка, -и",,,,бæлǽгъ,,,,,,,,,,
"ло́жка, -и",,,,уи́дыг,,,,,,,,,,
"ложь, лжи",,,,гæды́ ныхас ,,,,,,,,,,
,,,,мæнг ны́хас,,,,,,,,,,
"лома́ть, -а́ю, -а́ешь",несов.,,1. (портить),сæтты́н ,,,,,,,,,,
,,,2. (разбирать),ха́лын,,,,,,,,,,
"лопа́та, -ы",,,,бел ,,,,,,,,,,
,,,,фыййа́г,,,,,,,,,,
"лопу́х, -а́",бот.,,,мæнтǽг ,,,,,,,,,,
"лоску́т, -а́",,,,хæцъи́л,,,,,,,,,,
"лохмо́тья, -ев",тк. мн.,,,бызгъуы́ртæ,,,,,,,,,,
"луг, -а",,,,уыгǽрдæн,,,,,,,,,,
"лу́жа, -и",,,,мал,,,,,,,,,,
"лужа́йка, -и",,,,æрду́з,,,,,,,,,,
"лук1, -а",бот.,,,хъæды́ндз,,,,,,,,,,
"лук2, -а",(оружие),,,æрды́н,,,,,,,,,,
"луна́, -ы́",,,,мæй,,,,,,,,,,
"лу́нный, -ая, -ое",,,,мæйру́хс,,,,,,,,,,
"луч, -а́",,,,тын,,,,,,,,,,
лу́чше,нареч.,,,хуыздǽр ,,,,,,,,,,
,,,,фæлта́у,,,,,,,,,,
"лу́чший, -ая, -ее",,,,хуыздǽр,,,,,,,,,,
"лы́жи, лыж",тк. мн.,,,къа́хдзоныгътæ,,,,,,,,,,
"лы́сый, -ая, -ое",,,,гæмǽх ,,,,,,,,,,
,,,,гæмǽхсæр,,,,,,,,,,
"льстить, льщу, льстишь",несов.,,,козба́у дзурын ,,,,,,,,,,
,,,,козба́у кæнын,,,,,,,,,,
"люби́мый, -ая, -ое",,,,уа́рзон,,,,,,,,,,
"люби́ть, люблю́, лю́бишь",несов.,,,уа́рзын,,,,,,,,,,
"любо́й, -ая, -ое",,,,цыфǽнды,,,,,,,,,,
"любо́й, -о́го",,,,чи́дæриддæр,,,,,,,,,,
"любопы́тство, -а",,,,цымы́дис,,,,,,,,,,
"лю́ди, люде́й",тк. мн.,,,а́дæм,,,,,,,,,,
"лягу́шка, -и",зоол.,,,хæфс ,,,,,,,,,,
"магази́н, -а",,,,ду́кани,,,,,,,,,,
"ма́зать, ма́жу, ма́жешь",несов.,,,сǽрдын,,,,,,,,,,
"май, -я",,,,май ,,,,,,,,,,
,,,,зæрдǽвæрæны мæй,,,,,,,,,,
"мак, -а",бот.,,,зырзы́раг,,,,,,,,,,
"мака́ть, -а́ю, -а́ешь",несов.,,,ту́лын,,,,,,,,,,
"ма́ленький, -ая, -ое",,,,чысы́л ,,,,,,,,,,
,,,,гыццы́л,,,,,,,,,,
"мали́на, -ы",бот.,,,мæнǽргъы,,,,,,,,,,
ма́ло,,,1. нареч.,гыццы́л,,,,,,,,,,
,,,2. в функц. сказ. ,гыццы́л у ,,,,,,,,,,
"малоле́тний, -яя, -ее",,,,æна́хъом,,,,,,,,,,
"ма́льчик, -а",,,,лæппу́,,,,,,,,,,
"ма́ма, -ы",,,,"ма́мæ, мамǽ ",,,,,,,,,,
,,,,гыцци́,,,,,,,,,,
"март, -а",,,,ма́ртъи ,,,,,,,,,,
,,,,тæргǽйтты мæй,,,,,,,,,,
"ма́сло, -а",,,1. (топлёное) ,царв,,,,,,,,,,
,,,2. (растит.) ,зе́ти,,,,,,,,,,
,,,3. (животн.) ,сой,,,,,,,,,,
,,,4. (сливочн.) ,нæлхǽ,,,,,,,,,,
"ма́ссовый, -ая, -ое",,,,дзылло́н,,,,,,,,,,
"ма́стер, -а",,,,дæсны́,,,,,,,,,,
,,,,ма́стер,,,,,,,,,,
"мастерска́я, -о́й",,,,æрма́дз,,,,,,,,,,
"мастерство́, -а́",,,,дæсны́дзинад,,,,,,,,,,
"материа́л, -а",,,,æрмǽг,,,,,,,,,,
"матра́с, -а",,,,гоба́н,,,,,,,,,,
"мать, ма́тери",,,,мад,,,,,,,,,,
"маха́ть, машу́, ма́шешь",несов.,,,ти́лын,,,,,,,,,,
"маши́на, -ы",,,,ма́шинæ,,,,,,,,,,
"мгнове́ние, -я",,,,уысм,,,,,,,,,,
мгнове́нно,нареч.,,,уа́дидæгæн,,,,,,,,,,
"меда́ль, -и",,,,майда́н,,,,,,,,,,
"медве́дь, -я",,,,арс ,,,,,,,,,,
ме́дленно,нареч.,,,ца́дæггай ,,,,,,,,,,
,,,,сындǽггай,,,,,,,,,,
"ме́дленный, -ая, -ое",,,,сындǽг,,,,,,,,,,
"ме́дный, -ая, -ое",,,,æрхуы́,,,,,,,,,,
"медь, -и",тк. ед.,,,æрхуы́,,,,,,,,,,
ме́жду,предлог,,,æхсǽн,,,,,,,,,,
"междунаро́дный, -ая, -ое",,,,æппǽтдунеон,,,,,,,,,,
"ме́лкий, -ая, -ое",,,,лыстǽг,,,,,,,,,,
"ме́льник, -а",,,,куыро́йгæс,,,,,,,,,,
"ме́льница, -ы",,,,куыро́й,,,,,,,,,,
ме́ньше,нареч.,,,къа́ддæр,,,,,,,,,,
"меня́ть(ся), -я́ю(сь), -я́ешь(ся)",несов.,,,и́вын,,,,,,,,,,
"мере́щиться, -щусь, -щишься",несов.,,,цæсты́тыл уайын,,,,,,,,,,
"мероприя́тие, -я",,,,мадза́л,,,,,,,,,,
"ме́стность, -и",,,,ран,,,,,,,,,,
"ме́стный, -ая, -ое",,,,бынǽттон,,,,,,,,,,
"ме́сто, -а",,,,бына́т ,,,,,,,,,,
,,,,ран,,,,,,,,,,
"местоиме́ние, -я",лингв.,,,но́мивæг,,,,,,,,,,
"месторожде́ние, -я",,,,гуырǽн,,,,,,,,,,
"ме́сяц, -а",,,,мæй,,,,,,,,,,
"мета́лл, -а",,,,згъæр,,,,,,,,,,
"мете́ль, -и",,,,тымы́гъ,,,,,,,,,,
"ме́тить, ме́чу, ме́тишь",несов.,,,га́кк æвæрын,,,,,,,,,,
,,,,га́кк кæнын,,,,,,,,,,
"ме́тка, -и",,,,гакк,,,,,,,,,,
"метла́, -ы́",,,,уи́сой,,,,,,,,,,
"меч, -а́",,,,цирхъ,,,,,,,,,,
"мече́ть, -и",рел.,,,мæзджы́т,,,,,,,,,,
"мечта́, -ы́",,,,бæлли́ц,,,,,,,,,,
"мечта́ть, -а́ю, -а́ешь",несов.,,,бæллы́н,,,,,,,,,,
"меша́ть1, -а́ю, -а́ешь",несов. (перемешивать),,,ста́уын,,,,,,,,,,
"меша́ть2, -а́ю, -а́ешь",несов.,,,хъыгда́рын ,,,,,,,,,,
,,,,къуылы́мпы кæнын,,,,,,,,,,
"мешо́к, -шка́",,,,го́ллаг,,,,,,,,,,
"мёд, -а",,,,мыд,,,,,,,,,,
"мёртвый, -ая, -ое",,,,мард,,,,,,,,,,
"миллио́н, -а",,,,милуа́н,,,,,,,,,,
"мину́та, -ы",,,,мину́т,,,,,,,,,,
"мир1,- а",,,,ду́не,,,,,,,,,,
"мир2,- а",,,,са́бырдзинад,,,,,,,,,,
"мири́ться, -рю́сь, -ри́шься",несов.,,1. (примиряться),фи́дауын,,,,,,,,,,
,,,2. (с чем-л.),быхсы́н,,,,,,,,,,
"ми́рный, -ая, -ое",,,,са́быр ,,,,,,,,,,
"мировоззре́ние, -я",,,,зо́ндахаст,,,,,,,,,,
"мирово́й, -а́я, -о́е",,,,ду́неон,,,,,,,,,,
"ми́ска, -и",,,,къус,,,,,,,,,,
"мла́дший, -ая, -ее",,,,кæстǽр,,,,,,,,,,
"мне́ние, -я",,,,цæстǽнгас ,,,,,,,,,,
,,,,хъуыды́,,,,,,,,,,
"мно́гие, -их",тк. мн.,,,би́рæтæ,,,,,,,,,,
мно́го,нареч.,,,би́рæ  ,,,,,,,,,,
,,,,дзæвга́р,,,,,,,,,,
"многогра́нный, -ая, -ое",,,,би́рæвæрсыг,,,,,,,,,,
"многоде́тный, -ая, -ое",,,,би́рæсывæллонджын,,,,,,,,,,
"многозна́чный, -ая, -ое",,,,би́рæнысаниуæгон,,,,,,,,,,
"многоуго́льник, -а",матем.,,,би́рæкъуымæг,,,,,,,,,,
"мно́жество, -а",матем.,,,хæрх,,,,,,,,,,
"мно́житель, -я",матем.,,,ха́тгæнæг,,,,,,,,,,
"моби́льный, -ая, -ое",,,,моби́лон,,,,,,,,,,
"моги́ла, -ы",,,,и́нгæн,,,,,,,,,,
"могу́чий, -ая, -ее",,,,домба́й ,,,,,,,,,,
,,,,æхса́рджын,,,,,,,,,,
"можжеве́льник, -а",бот.,,,æхсǽлы,,,,,,,,,,
мо́жно,в функц. сказ.,,,æмбǽлы,,,,,,,,,,
"мозг, -а",,,,магъз,,,,,,,,,,
"мой, моя, моё",местоим.,,,мæн ,,,,,,,,,,
,,,,мæ,,,,,,,,,,
,,,,мæхи́,,,,,,,,,,
"мо́кнуть, -ну, -нешь",несов.,,,хуылы́дз кæнын,,,,,,,,,,
"мо́крый, -ая, -ое",,,,хуылы́дз,,,,,,,,,,
мол,частица,,,дам,,,,,,,,,,
"молва́, -ы́",,,,кой,,,,,,,,,,
"моли́тва, -ы",,,,куывд,,,,,,,,,,
"моли́ться, молю́сь, мо́лишься",несов.,,,ку́вын,,,,,,,,,,
"мо́лния, -и",,,,а́рвæрттывд,,,,,,,,,,
"молодёжь, -и",тк. ед.,,,фæси́вæд,,,,,,,,,,
"молодо́й, -ая, -ое",,,,æры́гон ,,,,,,,,,,
,,,,æвзо́нг,,,,,,,,,,
"мо́лодость, -и",тк. ед.,,,æвзо́нгад,,,,,,,,,,
"молоко́, -а́",,,,æхсы́р,,,,,,,,,,
"молото́к, -тка́",,,,дзæбу́г,,,,,,,,,,
"молчали́вый, -ая, -ое",,,,ма́дзура,,,,,,,,,,
"мольба́, -ы́",,,,лæгъстǽ,,,,,,,,,,
"мо́ре, -я",,,,де́нджыз,,,,,,,,,,
"морко́вь, -и",бот.,,,уыры́дзы,,,,,,,,,,
"моро́женое, -ого",,,,сæлдǽг,,,,,,,,,,
"морщи́на, -ы",,,,æнцъы́лд,,,,,,,,,,
"моря́к, -а́",,,,де́нджызон,,,,,,,,,,
"мост, -а́",,,,хид,,,,,,,,,,
"мохна́тый, -ая, -ое",,,,хъуынджы́н,,,,,,,,,,
"мочь, могу́, мо́жешь",несов.,,,фæра́зын,,,,,,,,,,
"моше́нник, -а",,,,цæстфǽлдахæг,,,,,,,,,,
"мощь, -и",,,,хъару́ ,,,,,,,,,,
,,,,тых,,,,,,,,,,
"мра́чный, -ая, -ое",,,,тар,,,,,,,,,,
"мсти́тель, -я",,,,ма́стисæг,,,,,,,,,,
"мстить, мщу, мстишь",несов.,,,ма́ст исын,,,,,,,,,,
,(о кровной мести),,,ту́г исын,,,,,,,,,,
"му́дрый, -ая, -ое",,,,куыры́хон,,,,,,,,,,
"муж, -а",,,,лæг  ,,,,,,,,,,
,,,,сæры́хицау,,,,,,,,,,
"му́жество, -а",,,,лæгдзи́над ,,,,,,,,,,
,,,,лæджы́хъæд,,,,,,,,,,
"мужчи́на, -ы",,,,нæлго́ймаг,,,,,,,,,,
,,,,лæг,,,,,,,,,,
"музыка́льный, -ая, -ое",,,,музыка́лон,,,,,,,,,,
"мука́, -и́",тк. ед.,,,ссад,,,,,,,,,,
"мулла́, -ы́",рел.,,,мо́лло,,,,,,,,,,
"мураве́й, -вья́",,,,мæлдзы́г ,,,,,,,,,,
"му́сор, -а",тк. ед.,,,быро́н,,,,,,,,,,
"мусульма́нин, -а",рел.,,,пысы́лмон,,,,,,,,,,
"мусульма́нский, -ая, -ое",,,,пысы́лмон,,,,,,,,,,
"мути́ть, мучу́, мути́шь",несов.,,,змǽнтын,,,,,,,,,,
"му́тный, -ая, -ое",,,,змæст,,,,,,,,,,
"мы, нас",местоим.,,,мах,,,,,,,,,,
"мы́ло, -а",,,,са́пон,,,,,,,,,,
"мысль, -и",,,,хъуыды́,,,,,,,,,,
"мы́тый, -ая, -ое",,,,æхса́д,,,,,,,,,,
"мыть, мо́ю, мо́ешь",несов.,,,æхсы́н,,,,,,,,,,
"мыча́ть, -чу́, -чи́шь",несов.,,,уа́сын,,,,,,,,,,
"мышь, -и",,,,мыст,,,,,,,,,,
"мя́гкий, -ая, -ое",,,,фæлмǽн,,,,,,,,,,
мя́гко,нареч.,,,фæлмǽн ,,,,,,,,,,
,,,,фæлмǽнæй,,,,,,,,,,
"мягкосерде́чный, -ая, -ое",,,,фæлмǽнзæрдæ,,,,,,,,,,
"мя́со, -а",,,,дзидза́ ,,,,,,,,,,
,,,,фыд,,,,,,,,,,
"мя́тый, -ая, -ое",,,,æнцъы́лд,,,,,,,,,,
"мя́ться, мнусь, мнёшься",несов.,,,æнцъы́лд кæнын,,,,,,,,,,
"мяч, -а́",,,,пу́рти,,,,,,,,,,
на,предлог,,,уæлǽ,,,,,,,,,,
"наблюда́тель, -я",,,,цæстда́рæг,,,,,,,,,,
"наблюда́ть, -а́ю, -а́ешь",несов.,,,цæст да́рын,,,,,,,,,,
"набро́ситься, -бро́шусь, -бро́сишься",сов.,,,хи́ ныццæвын,,,,,,,,,,
наве́рно,вводн. сл.,,,æвǽццæгæн,,,,,,,,,,
,,,,хæрза́г,,,,,,,,,,
наве́рх,нареч.,,,уæлǽмæ ,,,,,,,,,,
,,,,хæрдмǽ,,,,,,,,,,
наверху́,нареч.,,,уæле́,,,,,,,,,,
на́взничь,нареч.,,,уæлго́ммæ,,,,,,,,,,
"на́волочка, -и",,,,ба́зыцъар,,,,,,,,,,
"награ́да, -ы",,,,хæрзи́уæг,,,,,,,,,,
"награди́ть, -гражу́, -гради́шь",сов.,,,схо́рзæхджын кæнын,,,,,,,,,,
"награжда́ть,  -а́ю, -а́ешь",несов.,,,хо́рзæхджын кæнын,,,,,,,,,,
"надева́ть, -а́ю, -а́ешь",несов.,,,кæны́н,,,,,,,,,,
"над́ежда, -ы",,,,ныфс ,,,,,,,,,,
"наде́ть, -де́ну, -де́нешь",сов.,,,скǽнын,,,,,,,,,,
"наде́яться, -де́юсь, де́ешься",несов.,,,зæрдǽ дарын,,,,,,,,,,
на́до,в функц. сказ.,,,хъæуы́,,,,,,,,,,
"наёмник, -а",,,,æххуы́рст,,,,,,,,,,
наза́д,нареч.,,,фæстǽмæ,,,,,,,,,,
"назва́ть, -зову́, -зовёшь",сов.,,,схо́нын,,,,,,,,,,
,,,,но́м сæвæрын,,,,,,,,,,
назло́,нареч.,,,фыдǽнæн,,,,,,,,,,
"называ́ть, -а́ю, -а́ешь",несов.,,,но́м æвæрын ,,,,,,,,,,
,,,,хо́нын,,,,,,,,,,
"называ́ться, -а́юсь, -а́ешься",несов.,,,хуы́йнын,,,,,,,,,,
наизна́нку,нареч.,,,зыгъуы́ммæ,,,,,,,,,,
наизу́сть,нареч.,,,зæрды́вæрдæй,,,,,,,,,,
"найти́, найду́, найдёшь",сов.,,,сса́рын,,,,,,,,,,
"нака́з, -а",,,,фæдзǽхст,,,,,,,,,,
"наказа́ние, -я",,,,æфхǽрд,,,,,,,,,,
"наказа́ть, -кажу́, -ка́жешь",сов.,,,ба́фхæрын,,,,,,,,,,
"накле́ить, -кле́ю, -кле́ешь",сов.,,,ба́ныхасын,,,,,,,,,,
"наклони́ть, -клоню́, -кло́нишь",сов.,,,фæкъу́л кæнын ,,,,,,,,,,
,,,,æрта́сын кæнын,,,,,,,,,,
"наклони́ться, -клонюсь́, -кло́нишься",сов.,,,æргуы́быр кæнын,,,,,,,,,,
наконе́ц,нареч.,,,æппы́нфæстаг,,,,,,,,,,
наконе́ц-то,нареч.,,,кæдǽй-уæдæй,,,,,,,,,,
нале́во,нареч.,,,га́лиуæрдæм,,,,,,,,,,
"нама́з, -а",рел.,,,лама́з,,,,,,,,,,
,,,,нама́з,,,,,,,,,,
"намерева́ться, -а́юсь, -а́ешься",несов.,,,хъа́вын,,,,,,,,,,
"наме́рение, -я",,,,фæнд ,,,,,,,,,,
,,,,хъавд,,,,,,,,,,
"намочи́ть, -мочу́, -мо́чишь",сов.,,,ныххуы́лыдз кæнын,,,,,,,,,,
"нанима́ть, -а́ю, -а́ешь",несов.,,,æххуы́рсын,,,,,,,,,,
"наня́ть, найму́, наймёшь",сов.,,,ба́ххуырсын,,,,,,,,,,
наоборо́т,нареч.,,,и́ннæрдæм ,,,,,,,,,,
,,,,фи́сынмæ,,,,,,,,,,
"напада́ть, -а́ю, -а́ешь",несов.,,,лæбу́рын,,,,,,,,,,
"напа́сть, -паду́, -падёшь",несов.,,,æрба́бырсын ,,,,,,,,,,
"напеча́тать, -аю, -аешь",сов.,,,ныммы́хуыр кæнын,,,,,,,,,,
"написа́ть, -пишу́, -пи́шешь",сов.,,,ныффы́ссын,,,,,,,,,,
"напи́ток, -тка",,,,нозт,,,,,,,,,,
"напо́лнить, -ню, -нишь",сов.,,,ба́йдзаг кæнын,,,,,,,,,,
"наполня́ть, -я́ю, -я́ешь",несов.,,,дза́г кæнын,,,,,,,,,,
"напо́мнить, -ню, -нишь",сов.,,,зæрды́л æрлæууын кæнын,,,,,,,,,,
направите́льный: падеж,,,,а́рæзтон хауæн,,,,,,,,,,
напра́во,нареч.,,,ра́хизæрдæм,,,,,,,,,,
напра́сно,нареч.,,,дзǽгъæлы,,,,,,,,,,
наприме́р,вводн. сл.,,,зæгъǽм ,,,,,,,,,,
,,,,цæви́ттон,,,,,,,,,,
напротив,нареч.,,,ко́мкоммæ,,,,,,,,,,
,,,,ба́комкоммæ,,,,,,,,,,
"наре́чие, -я",лингв.,,,фæрсдзы́рд,,,,,,,,,,
"нарисова́ть, -су́ю, -су́ешь",сов.,,,сны́в кæнын,,,,,,,,,,
"наро́д, -а",,,,а́дæм ,,,,,,,,,,
,,,,дзы́ллæ,,,,,,,,,,
"наро́дность, -и",,,,а́дæмыхатт,,,,,,,,,,
"наро́дный, -ая, -ое",,,,а́дæмон,,,,,,,,,,
наро́чно,нареч.,,,ба́рæй,,,,,,,,,,
нару́жу,нареч.,,,æддǽмæ,,,,,,,,,,
"наря́д, -а",,,,фæлы́ст,,,,,,,,,,
"наряди́ть, -ряжу́, -ря́дишь",сов.,,,сфǽлындын,,,,,,,,,,
"наряжа́ть, -а́ю, -а́ешь",несов.,,,фæлы́ндын,,,,,,,,,,
"насеко́мое, -го",зоол.,,,саск,,,,,,,,,,
"наси́лие, -я",,,,тыхми́,,,,,,,,,,
"наси́льник, -а",,,,тыхгǽнæг,,,,,,,,,,
"наста́вник, а",,,,зо́ндамонæг,,,,,,,,,,
"настоя́щий, -ая, -ее",,,1.,æцǽг,,,,,,,,,,
,,,2. лингв.,ныры́ккон,,,,,,,,,,
"настрое́ние, -я",,,,равг,,,,,,,,,,
,,,,зæрдǽйы уаг,,,,,,,,,,
"наступа́ть, -а́ю, -а́ешь",несов.,,,бырсы́н,,,,,,,,,,
"наступи́ть, -ступлю́, -сту́пишь",сов.,,1. (настать),ра́лæууын,,,,,,,,,,
,,,2. (на что-л.),ныллǽууын,,,,,,,,,,
"наступле́ние1, -я",,,,ныббы́рст ,,,,,,,,,,
"наступле́ние2, -я",,,,ра́лæуд,,,,,,,,,,
"насы́титься, -сы́щусь, -сы́тишься",сов.,,,ба́фсæдын,,,,,,,,,,
"насыща́ться, -а́юсь, -а́ешься",несов.,,,æфсǽдын,,,,,,,,,,
"натрави́ть, -травлю́, -тра́вишь",сов.,,,са́рдауын,,,,,,,,,,
"натра́вливать, -аю, -аешь",несов.,,,а́рдауын,,,,,,,,,,
"нау́ка, -и",,,,нау́кæ ,,,,,,,,,,
,,,,зо́над,,,,,,,,,,
"научи́ть, -учу́, -у́чишь",сов.,,,са́хуыр кæнын ,,,,,,,,,,
,,,,ба́цамонын,,,,,,,,,,
"научи́ться, -учу́сь, -у́чишься",сов.,,,са́хуыр уæвын,,,,,,,,,,
"находи́ть, -хожу́, -хо́дишь",несов.,,,а́рын,,,,,,,,,,
"нахо́дчивый, -ая, -ое",,,,ама́лджын,,,,,,,,,,
"национа́льный, -ая, -ое",,,,на́цион,,,,,,,,,,
"на́ция, -и",,,,на́ци,,,,,,,,,,
"нача́ло, -а",,,,ра́йдайæн,,,,,,,,,,
"нача́льник, -а",,,,хи́цау,,,,,,,,,,
"нача́ть, -чну́, -чнёшь",сов.,,,ра́йдайын,,,,,,,,,,
наш,местоим.,,,мах  ,,,,,,,,,,
,,,,нæхи́,,,,,,,,,,
,,,,нæ,,,,,,,,,,
не,частица,,,нæ ,,,,,,,,,,
,,,,ма,,,,,,,,,,
"небеса́, небе́с",,,,уæла́рв ,,,,,,,,,,
"небе́сный, -ая, -ое",,,,уæла́рвон,,,,,,,,,,
"не́бо, -а",,,,арв,,,,,,,,,,
"небольшо́й, -ая, -ое",,,,къа́ннæг ,,,,,,,,,,
,,,,чысы́лгомау,,,,,,,,,,
,,,,гыццы́лгомау,,,,,,,,,,
"неве́ста, -ы",,,,чындз,,,,,,,,,,
"невку́сный, -ая, -ое",,,,æна́д,,,,,,,,,,
невозмо́жно,в функц. сказ.,,,уæвǽн нæй ,,,,,,,,,,
,,,,гæнǽн нæй,,,,,,,,,,
"невреди́мый, -ая, -ое",,,,æвы́д,,,,,,,,,,
"неда́вний, -яя, -ее",,,,æрǽджыйы,,,,,,,,,,
неда́вно,нареч.,,,æрǽджы,,,,,,,,,,
неда́ром,нареч.,,,хуымǽтæджы нæ ,,,,,,,,,,
,,,,дзǽгъæлы нæ,,,,,,,,,,
"неде́ля, -и",,,,къуыри́,,,,,,,,,,
"недоброжела́тельный, -ая, -ое",,,,æдзǽстуарзон,,,,,,,,,,
"недога́дливость, -и",,,,æнǽрхъуыдыдзинад,,,,,,,,,,
"недоста́ток, -тка",,,,фау ,,,,,,,,,,
,,,,а́ипп ,,,,,,,,,,
,,,,хъæндзи́над,,,,,,,,,,
"недосто́йный, -ая, -ое",,,,æна́ккаг,,,,,,,,,,
"недостро́енный, -ая, -ое",,,,æрдǽгарæзт,,,,,,,,,,
"незави́симость, -и",,,,хæдба́рдзинад,,,,,,,,,,
"незави́симый, -ая, -ое",,,,хæдба́р,,,,,,,,,,
незамедли́тельно,нареч.,,,æвǽстиатæй,,,,,,,,,,
"неизве́стный, -ая, -ое",,,,æнǽзонгæ ,,,,,,,,,,
,,,,æнǽбæрæг,,,,,,,,,,
,матем.,,,æбǽрæг,,,,,,,,,,
"неизменя́емый, -ая, -ое",,,,æнǽивгæ,,,,,,,,,,
"нека́чественный, -ая, -ое",,,,цауд,,,,,,,,,,
не́когда1,в функц. сказ.,,,не́ ’вдæлы,,,,,,,,,,
не́когда2,нареч.,,,кæддǽр,,,,,,,,,,
,,,,не́заманты,,,,,,,,,,
"не́которые, -ых",,,,и́уæй-иутæ,,,,,,,,,,
"некраси́вый, -ая, -ое",,,,фыды́нд,,,,,,,,,,
неме́дленно,нареч.,,,уа́йтагъд,,,,,,,,,,
немно́го,нареч.,,,чысы́л,,,,,,,,,,
,,,,гыццы́л,,,,,,,,,,
"немы́тый, -ая, -ое",,,,æнǽхсад,,,,,,,,,,
"ненави́стный, -ая, -ое",,,,æнǽуынон,,,,,,,,,,
"не́нависть, -и",,,,æнǽуынондзинад,,,,,,,,,,
"ненасы́тный, -ая, -ое",,,,æнǽфсис,,,,,,,,,,
"необходи́мый, -ая, -ое",,,,хъæугǽ ,,,,,,,,,,
,,,,æнǽмæнг хъæугæ,,,,,,,,,,
"необы́чный, -ая, -ое",,,,æна́хуыр,,,,,,,,,,
неожи́данно,нареч.,,,æнǽнхъæлæджы,,,,,,,,,,
"нео́пытный, -ая, -ое",,,,æвǽлтæрд,,,,,,,,,,
неподви́жно,нареч.,,,æнǽзмæлгæ,,,,,,,,,,
"непоня́тный,-ая, -ое",,,,æнǽбæрæг ,,,,,,,,,,
,,,,зынǽмбарæн,,,,,,,,,,
"непослуша́ние, я",,,,æго́ммæгæсдзинад,,,,,,,,,,
"непослу́шный, -ая, -ое",,,,æго́ммæгæс,,,,,,,,,,
непреме́нно,нареч.,,,æнǽмæнг,,,,,,,,,,
непреры́вно,нареч.,,,æнǽсцухæй,,,,,,,,,,
"неприго́дный, -ая, -ое",,,,нæбǽзгæ ,,,,,,,,,,
"неприя́тель, -я",,,,фыдгу́л,,,,,,,,,,
неприя́тно,нареч.,,1. ,æвзǽр,,,,,,,,,,
,,,2. в функц. сказ. ,хъыг у́,,,,,,,,,,
"непро́шеный, -ая, -ое",,,,æнǽхуынд,,,,,,,,,,
"неразу́мный, -ая, -ое",,,,сонт,,,,,,,,,,
"не́рвничать, -аю, -аешь",несов.,,,тыхсы́н,,,,,,,,,,
не́сколько,нареч.,,,ца́лдæр,,,,,,,,,,
"нести́, несу́, несёшь",несов.,,1.,хæссы́н,,,,,,,,,,
,,,2. (яйца) ,æфта́уын,,,,,,,,,,
"несчастли́вый, -ая, -ое",,,,æна́монд,,,,,,,,,,
"несча́стье, -я",,,,фыдбы́лыз ,,,,,,,,,,
,,,,æна́монддзинад,,,,,,,,,,
нет,частица,,,нæ ,,,,,,,,,,
,,,,нæй,,,,,,,,,,
неуже́ли,частица,,,ау,,,,,,,,,,
неумы́шленно,нареч.,,,æнǽбары,,,,,,,,,,
не́хотя,нареч.,,,æвǽндонæй,,,,,,,,,,
"нечётный, -ая, -ое",,,,æнǽкъай,,,,,,,,,,
ни,союз,,,нæ ,,,,,,,,,,
,,,,нæдǽр,,,,,,,,,,
ни́же,нареч.,,,дæлдǽр ,,,,,,,,,,
,,,,ныллǽгдæр,,,,,,,,,,
"низ, -а",,,,бын,,,,,,,,,,
"ни́зкий, -ая, -ое",,,,ныллǽг ,,,,,,,,,,
ни́зко,нареч.,,,ныллǽг,,,,,,,,,,
ника́к,нареч.,,,ни́куыд ,,,,,,,,,,
,,,,ни́куыдæй,,,,,,,,,,
никогда́,нареч.,,,ни́куы,,,,,,,,,,
нико́им о́бразом,нареч.,,,ни́цы хуызы,,,,,,,,,,
"никто́, никого́",местоим. ,,,ни́чи,,,,,,,,,,
никуда́, нареч.,,,ни́куыдæм ,,,,,,,,,,
,,,,ни́кæдæм,,,,,,,,,,
ниско́лько, нареч.,,,ни́цас,,,,,,,,,,
,,,,ни́цал,,,,,,,,,,
"ни́тка, -и",,,,æнда́х,,,,,,,,,,
"нить, -и",,,,таг ,,,,,,,,,,
ничего́,местоим.,,,ни́цы,,,,,,,,,,
ничко́м,нареч.,,,дæлго́ммæ,,,,,,,,,,
"ничто́, ничего́",местоим.,,,ни́цы,,,,,,,,,,
"ничья́, -чье́й",,,,хæрǽгсаст,,,,,,,,,,
но,союз,,,фæлǽ,,,,,,,,,,
"новорождённый, -ая, -ое",,,,но́ггуырд,,,,,,,,,,
"но́вшество, -а",,,,но́гдзинад,,,,,,,,,,
"но́вый, -ая, -ое",,,,ног,,,,,,,,,,
"нога́, -и́",,,,къах,,,,,,,,,,
"нога́ец, -а́йца",,,,ногъа́йаг,,,,,,,,,,
"нога́йский, -ая, -ое",,,,ногъа́йаг,,,,,,,,,,
"но́готь, -гтя",,,,ных,,,,,,,,,,
"нож, -а́",,,,кард ,,,,,,,,,,
"но́жницы, но́жниц",тк. мн.,,,хæсга́рд,,,,,,,,,,
"но́мер, -а",,,,но́мыр,,,,,,,,,,
"нос, -а",,,,фындз,,,,,,,,,,
"носи́ть, ношу́, но́сишь",несов.,,1.,хæссы́н,,,,,,,,,,
,,,2. ,да́рын,,,,,,,,,,
"носо́к1, -ска́",,,,къа́хфындз,,,,,,,,,,
"носо́к2, -ска́",,,,цъында́,,,,,,,,,,
"ночь, -и",,,,æхсǽв,,,,,,,,,,
но́чью,нареч.,,,æхсǽвыгон,,,,,,,,,,
"но́ша, -и",,,,хæсси́наг ,,,,,,,,,,
,,,,уаргъ,,,,,,,,,,
"нра́виться, -влюсь, -вишься",несов.,,,зæрдǽмæ цæуын,,,,,,,,,,
ну,"межд., частица",,,цæй,,,,,,,,,,
ну́жно,в функц. сказ.,,,хъæуы́,,,,,,,,,,
"ну́жный, -ая, -ое",,,,хъæугǽ ,,,,,,,,,,
ну́-ка,межд.,,,ма́радз  ,,,,,,,,,,
,,,,м́арадз-ма,,,,,,,,,,
,,,,стǽ-ма,,,,,,,,,,
"ны́нешний, -яя, -ее",,,,ныртǽккæйы,,,,,,,,,,
"ню́хать, -аю, -аешь",несов.,,,сму́дын,,,,,,,,,,
"обвива́ть, -а́ю, -а́ешь",несов.,,,тыхсы́н,,,,,,,,,,
"обви́ться, обовью́сь, обовьёшься",,,,сты́хсын,,,,,,,,,,
"обе́д, -а",,,1. (еда),си́хор,,,,,,,,,,
,,,2. (время приёма пищи) ,си́хорафон,,,,,,,,,,
"обе́дать, -аю, -аешь",несов.,,,си́хор хæрын,,,,,,,,,,
"обезья́на, -ы",зоол.,,,ма́ймули,,,,,,,,,,
"оберега́ть, -а́ю, -а́ешь",несов.,,,хъа́хъхъæнын,,,,,,,,,,
"обеща́ть,  -а́ю, -а́ешь",несов.,,,зæрдǽ æвæрын,,,,,,,,,,
"обзо́р, -а",,,,а́фæлгæст,,,,,,,,,,
"оби́да, -ы",,,,тæрга́й,,,,,,,,,,
"оби́деться, оби́жусь, оби́дишься",сов.,,,фæтǽргай уæвын  ,,,,,,,,,,
,,,,фæхъы́г уæвын,,,,,,,,,,
"оби́дчивый, -ая, -ое",,,,тæрга́йгæнаг,,,,,,,,,,
"обижа́ть,  а́ю, -а́ешь",несов.,,,æфхǽрын,,,,,,,,,,
"обижа́ться, -а́юсь, -а́ешься",,,,тæрга́й кæнын,,,,,,,,,,
оби́льно,нареч.,,,пара́хатæй,,,,,,,,,,
"о́блако, -а",,,,æвра́гъ,,,,,,,,,,
"облепи́ха, -и",бот.,,,кæркми́сындзæг,,,,,,,,,,
"о́блик, -а",,,,су́рæт,,,,,,,,,,
"обло́жка, -и",,,,цъар,,,,,,,,,,
"обмакну́ть, -ну́, -нёшь",сов.,,,а́тулын,,,,,,,,,,
"обма́н, -а",,,,сайд,,,,,,,,,,
"обману́ть, -ну́, -нешь",сов.,,,а́сайын,,,,,,,,,,
"обма́нывать, -а́ю, -а́ешь",несов.,,,са́йын,,,,,,,,,,
"обнадёживать,  -аю, -аешь",несов.,,,ныфс ǽвæрын,,,,,,,,,,
"обнадёжить, -дёжу, -дёжишь",сов.,,,ныфс сǽвæрын,,,,,,,,,,
"обнима́ть, -а́ю, -а́ешь",несов.,,,хъæбы́с кæнын,,,,,,,,,,
"обня́ть, обниму́, обни́мешь",сов.,,,а́хъæбыс кæнын,,,,,,,,,,
"обознача́ть,  -а́ю, -а́ешь",несов.,,,ныса́н кæнын,,,,,,,,,,
"обозна́чить, -чу, -чишь",сов.,,,фæны́сан кæнын,,,,,,,,,,
"оборо́т, -а",,,,здæхт,,,,,,,,,,
"обору́дование, -я",,,,фæлы́ндæн,,,,,,,,,,
"обоснова́ться, -ну́юсь, -ну́ешься",сов.,,,æрцǽрын,,,,,,,,,,
"обра́доваться, -дуюсь, -дуешься",сов.,,,ба́цин кæнын,,,,,,,,,,
"о́браз, -а",,,,фæлго́нц,,,,,,,,,,
"образе́ц, -зца",,,,хуызǽг,,,,,,,,,,
"образова́ние, -я",,,,а́хуырад,,,,,,,,,,
"образо́ванный, -ая, -ое",,,,а́хуыргонд,,,,,,,,,,
обрати́ть: внимание,,,,хъу́с æрдарын,,,,,,,,,,
"обрати́ться, -ращу́сь, -рати́шься",сов.,,,а́здæхын ,,,,,,,,,,
,,,,æрго́м раздахын,,,,,,,,,,
обра́тно,нареч.,,,фæстǽмæ,,,,,,,,,,
"обслу́живать, -аю, -аешь",несов.,,,лæггад́ кæнын,,,,,,,,,,
"обстоя́тельство, -а",,,1.,фа́дат ,,,,,,,,,,
,,,,уа́вæр,,,,,,,,,,
,,,2. лингв. ,фа́датон дзырд,,,,,,,,,,
"о́бувь, -и",,,,къа́хыдарæс,,,,,,,,,,
,,,,дзабыртæ,,,,,,,,,,
"обще́ственный, -ая, -ое",,,,æхсǽнадон,,,,,,,,,,
"о́бщество, -а",,,,æхсǽнад,,,,,,,,,,
"о́бщий, -ая, -ее",,,,и́умæйаг,,,,,,,,,,
"объедине́ние, -я",,,,и́угонд,,,,,,,,,,
"объединённый, -ая, -ое",,,,и́угонд,,,,,,,,,,
"объедини́ть, -ню́, -ни́шь",сов.,,,ба́иу кæнын,,,,,,,,,,
"объединя́ть,   -я́ю, -я́ешь",несов.,,,и́у кæнын,,,,,,,,,,
"объём, -а",,,,гуыра́хст,,,,,,,,,,
"объяви́ть, -явлю́, -я́вишь",сов.,,,фе́хъусын кæнын,,,,,,,,,,
"объявле́ние, -я",,,,хъу́сынгæнинаг,,,,,,,,,,
"объявля́ть, -я́ю, -я́ешь",несов.,,,хъу́сын кæнын,,,,,,,,,,
"объясня́ть, -я́ю, -я́ешь",несов.,,,æмба́рын кæнын,,,,,,,,,,
,,,,а́монын,,,,,,,,,,
"объя́тие, -я",,,,хъæбы́с,,,,,,,,,,
"обы́чай, -я",,,,æгъда́у ,,,,,,,,,,
,,,,фæтк,,,,,,,,,,
"обы́чный, -ая, -ое",,,,хуымǽтæджы,,,,,,,,,,
"обя́занность, -и",,,,хæс,,,,,,,,,,
обяза́тельно,нареч.,,,æнǽмæнг,,,,,,,,,,
"О́вен, О́вна",зодиак.,,,Фыр,,,,,,,,,,
"овёс, овса́",,,,сысджы́,,,,,,,,,,
"о́вод, -а",,,,дзынга́,,,,,,,,,,
"о́вощ, -а",,,,ха́лсар,,,,,,,,,,
"овца́, -ы́",зоол.,,,фыс,,,,,,,,,,
"огнестре́льный, -ая, -ое",,,,зынгǽхсгæ,,,,,,,,,,
"ого́нь, огня́",,,,зынг   ,,,,,,,,,,
,,,,арт,,,,,,,,,,
"огоро́д, -а",,,,цæхǽрадон,,,,,,,,,,
"огра́бить, -блю, -бишь",сов.,,,ба́стигъын,,,,,,,,,,
"огра́да, -ы",,,,гæрǽн ,,,,,,,,,,
,,,,быру́,,,,,,,,,,
"огуре́ц, -рца",бот.,,,джи́търи,,,,,,,,,,
"оде́жда, -ы",,,,да́рæс,,,,,,,,,,
"одея́ло, -а",,,,хъæццу́л,,,,,,,,,,
"оди́н, одного́",числит.,,,иу,,,,,,,,,,
"одина́ковый, -ая, -ое",,,,æмхуы́зон,,,,,,,,,,
"оди́ннадцать, -и",числит.,,,и́уæндæс,,,,,,,,,,
"одино́кий, -ая, -ое",,,,и́унæг,,,,,,,,,,
"одино́чество, -а",,,,и́унæгдзинад,,,,,,,,,,
одна́жды,нареч.,,,и́у хатт,,,,,,,,,,
одна́ко,союз,,,фæлǽ,,,,,,,,,,
"однозна́чный, -ая, -ое","лингв., матем. ",,,и́унысаниуæгон,,,,,,,,,,
"однокла́ссник, -а",,,,æмкъла́сон,,,,,,,,,,
"однофами́лец, -льца",,,,æрв́ад,,,,,,,,,,
"одолева́ть, -а́ю, -а́ешь",несов.,,,тых кǽнын,,,,,,,,,,
"одува́нчик, -а",бот.,,,къа́ппа-къуппа,,,,,,,,,,
"оживи́ть, -влю́, -ви́шь",сов.,,,ра́йгас кæнын,,,,,,,,,,
"о́зеро, -а",,,,цад,,,,,,,,,,
"озира́ться, а́юсь, -а́ешься",несов.,,,ра́кæс-бакæс кæнын,,,,,,,,,,
"означа́ть, -а́ю, -а́ешь",несов.,,,нысан кæнын,,,,,,,,,,
"оказа́ться, -кажу́сь, -ка́жешься",,,1. (очутиться),фе́стын,,,,,,,,,,
,,,"2. (кем-л., чем-л.) ",разы́нын,,,,,,,,,,
"океа́н, -а",,,,фурд,,,,,,,,,,
"окно́, -а́",,,,ру́дзынг,,,,,,,,,,
о́коло,предлог,,,раз ,,,,,,,,,,
,,,,фа́рсмæ,,,,,,,,,,
"оконча́ние, -я",,,1.,фæуд,,,,,,,,,,
,,,2. лингв. ,кæро́н,,,,,,,,,,
"окра́ина, -ы",,,,кæро́н ,,,,,,,,,,
"окру́жность, -и",матем.,,,тымбы́лæг,,,,,,,,,,
"оле́нь, -я",зоол.,,,саг,,,,,,,,,,
"олимпи́йский, -ая, -ое",,,,оли́мпаг,,,,,,,,,,
"он, его́; она́, её; оно́, его́",местоим.,,,уый,,,,,,,,,,
"они́, их",местоим.,,,уы́дон,,,,,,,,,,
"опа́здывать, -аю, -аешь",несов.,,,æрǽджы кæнын,,,,,,,,,,
опа́сно,в функц. сказ.,,,та́с у   ,,,,,,,,,,
,,,,тæсса́г у,,,,,,,,,,
"опа́сный, -ая, -ое",,,,тæсса́г,,,,,,,,,,
"опери́ровать, -рую, -руешь",несов. мед.,,,опера́ци кæнын,,,,,,,,,,
"опира́ться, -а́юсь, -а́ешься",несов.,,,æнцо́й кæнын,,,,,,,,,,
"описа́ние, -я",,,,æрфы́ст,,,,,,,,,,
"описа́ть, опишу́, опи́шешь",сов.,,1.,æрфы́ссын,,,,,,,,,,
,,,2. (сделать опись) ,ба́хынцын,,,,,,,,,,
"опозда́ть, -а́ю, -а́ешь",сов.,,,ба́йрæджы кæнын,,,,,,,,,,
"оправда́ть, -а́ю, -а́ешь",сов.,,,сра́ст кæнын ,,,,,,,,,,
,,,,ра́стыл банымайын,,,,,,,,,,
"опра́вдываться, -аюсь, -аешься",несов.,,,хи́ рæстытæ кæнын,,,,,,,,,,
"определе́ние, -я",,,,бæрǽггæнæн,,,,,,,,,,
определённо,нареч.,,,бæлвы́рдæй,,,,,,,,,,
"определи́ть, -лю́, -ли́шь",сов.,,,сбǽрæг кæнын ,,,,,,,,,,
,,,,сбǽлвырд кæнын,,,,,,,,,,
"определя́ть, -я́ю, -я́ешь",несов.,,,бæрǽг кæнын ,,,,,,,,,,
,,,,бæлвы́рд кæнын,,,,,,,,,,
"опти́ческий, -ая, -ое",физ.,,,о́птикон,,,,,,,,,,
"опусти́ть, опущу́, опу́стишь",сов.,,,æруа́дзын,,,,,,,,,,
"опу́хший, -ая, -ее",,,,рæсы́д,,,,,,,,,,
"опу́шка, -и",,,,хъæдбы́н ,,,,,,,,,,
,,,,хъǽдрæбын,,,,,,,,,,
"о́пыт, -а",,,,фæлтǽрддзинад,,,,,,,,,,
"о́пытный, -ая, -ое",,,,фæлтǽрдджын,,,,,,,,,,
опя́ть,нареч.,,,та  ,,,,,,,,,,
,,,,но́гæй,,,,,,,,,,
,,,,но́гæй та,,,,,,,,,,
"ора́нжевый, -ая, -ое",,,,сырхбы́н-бур,,,,,,,,,,
"о́рган, -а",,,,о́ргæн,,,,,,,,,,
,,,,уæнг,,,,,,,,,,
"оре́х, -а",бот.  (грецкий)  ,,,æнгу́з,,,,,,,,,,
"орёл, орла",зоол.,,,цæргǽс,,,,,,,,,,
"ороша́ть, -а́ю, -а́ешь",несов.,,,до́нхорыг кæнын,,,,,,,,,,
"ору́жие, -я",тк. ед.,,,хæцǽнгарз,,,,,,,,,,
"освободи́ть, -божу́, -боди́шь",сов.,,,ссǽрибар кæнын ,,,,,,,,,,
,,,,суǽгъд кæнын,,,,,,,,,,
"освобожда́ть, -а́ю, -а́ешь",несов.,,,сæри́бар кæнын ,,,,,,,,,,
,,,,уæгъд кǽнын,,,,,,,,,,
"оседла́ть, -а́ю, -а́ешь",сов.,,,си́фтындзын,,,,,,,,,,
"осе́нний, -яя, ее",,,,фæззы́гон,,,,,,,,,,
,,,,фǽззæджы,,,,,,,,,,
"о́сень, -и",,,,фæззǽг,,,,,,,,,,
о́сенью,нареч.,,,фǽззæджы,,,,,,,,,,
"осети́н, а",,,,иро́н,,,,,,,,,,
"осети́нский, -ая, -ое",,,,иро́н,,,,,,,,,,
"осёл, осла́",зоол.,,,хæрǽг,,,,,,,,,,
"оскорби́ть, -блю́, -би́шь",сов.,,,ба́фхæрын,,,,,,,,,,
"оскорбле́ние, -я",,,,æфхǽрд,,,,,,,,,,
"осно́ва, -ы",,,,бынду́р,,,,,,,,,,
"основа́тель, -я",,,,бынду́рæвæрæг,,,,,,,,,,
основа́тельно,нареч.,,,би́ноныг ,,,,,,,,,,
,,,,бынду́ронæй,,,,,,,,,,
"основно́й, -ая, -ое",,,,сæйра́г,,,,,,,,,,
"основополо́жник, -а",,,,бынду́рæвæрæг,,,,,,,,,,
осо́бенно,нареч.,,,уæлда́йдæр,,,,,,,,,,
"осо́бенность, -и",,,,хи́цæндзинад,,,,,,,,,,
осо́бо,нареч.,,,сæрма́гондæй,,,,,,,,,,
"осо́бый, -ая, -ое",,,,сæрма́гонд,,,,,,,,,,
"остава́ться, остаю́сь, остаёшься",несов.,,,за́йын ,,,,,,,,,,
,,,,лæууы́н,,,,,,,,,,
"оста́вить, -влю, -вишь",сов.,,,ныууа́дзын,,,,,,,,,,
"оставля́ть, -я́ю, -я́ешь",несов.,,,уа́дзын,,,,,,,,,,
"остально́й, -ая, -ое",,,,и́ннæ,,,,,,,,,,
"остальны́е, -ы́х",,,,и́ннæтæ,,,,,,,,,,
"остана́вливать, -аю, -аешь",несов.,,,у́ромын,,,,,,,,,,
"останови́ть, -новлю́, -но́вишь",сов.,,,ба́уромын,,,,,,,,,,
"останови́ться, -новлю́сь, -но́вишься",сов.,,,æрлǽууын,,,,,,,,,,
"оста́ться, оста́нусь, ост́анешься",сов.,,,ба́ззайын ,,,,,,,,,,
"остерега́ться, -а́юсь, -а́ешься",несов.,,,хи́ хъахъхъæнын,,,,,,,,,,
"остолбе́неть, -не́ю, -не́ешь",сов.,,,джи́хӕй аззайын,,,,,,,,,,
осторо́жно,нареч.,,,а́рæхстгай,,,,,,,,,,
"о́стров, -а",,,,са́къадах,,,,,,,,,,
"остроу́мный, -ая, -ое",,,,цыргъзо́нд,,,,,,,,,,
"о́стрый, -ая, -ое",,,1. ,цыргъ,,,,,,,,,,
,,,2.,су́дзаг,,,,,,,,,,
"остуди́ть, остужу́, осту́дишь",сов.,,,æруа́зал кæнын,,,,,,,,,,
"остужа́ть, -а́ю, -а́ешь",несов.,,,уа́зал кæнын,,,,,,,,,,
"осуди́ть, осужу́, ос́удишь","сов., юр.",,,стǽрхон кæнын,,,,,,,,,,
"осыпа́ться, -а́юсь, -а́ешься",сов.,,,згъǽлын,,,,,,,,,,
"осы́паться, -плюсь, -плешься",несов.,,,æры́згъæлын,,,,,,,,,,
"ось, -и́",,,,сæмǽн,,,,,,,,,,
"ота́ра, -ы",,,,дзуг,,,,,,,,,,
"отва́га, -и",,,,æхса́р,,,,,,,,,,
"отва́жный, -ая, -ое",,,,æхса́рджын ,,,,,,,,,,
,,,,хъæба́тыр,,,,,,,,,,
"отве́дать, -аю, -аешь",сов.,,,са́ходын ,,,,,,,,,,
,,,,а́цаходын,,,,,,,,,,
"отвезти́, -зу́, -зёшь",сов.,,,а́ласын,,,,,,,,,,
"отве́т, -а",,,,дзуапп,,,,,,,,,,
"отве́тить, -ве́чу, -ве́тишь",сов.,,,дзуа́пп раттын,,,,,,,,,,
"отве́тственность, -и",,,,бæрн,,,,,,,,,,
"отве́тственный, -ая, -ое",,,,бæрно́н,,,,,,,,,,
"отвеча́ть, -а́ю, -а́ешь",несов.,,,дзуа́пп дæттын,,,,,,,,,,
"отделе́ние, -я",,,1.,ха́йад,,,,,,,,,,
,,,2. театр. ,а́рхайд,,,,,,,,,,
"отдели́ться, -делю́сь, -де́лишься",сов.,,,фæхи́цæн уæвын,,,,,,,,,,
отде́льно,нареч.,,,хи́цæнæй ,,,,,,,,,,
,,,,хи́барæй,,,,,,,,,,
"отде́льный, -ая, -ое",,,,хи́цæн ,,,,,,,,,,
,,,,хи́бар,,,,,,,,,,
"отделя́ть, -я́ю, -я́ешь",несов.,,,хи́цæн кæнын,,,,,,,,,,
"отдохну́ть, -ну́, -нёшь",сов.,,,ба́улæфын ,,,,,,,,,,
,,,,фæлла́д суадзын,,,,,,,,,,
"отдыха́ть, -а́ю, -а́ешь",несов.,,,у́лæфын ,,,,,,,,,,
,,,,фæлла́д уадзын,,,,,,,,,,
"оте́ц, отца́",,,,фыд,,,,,,,,,,
"Оте́чество, -а",,,,Фыды́бæстæ,,,,,,,,,,
"отколо́ться, -колю́сь, -ко́лешься",несов.,,,фæи́ппæрд уæвын,,,,,,,,,,
"отко́рмленный, -ая, -ое",,,,хæрзха́ст,,,,,,,,,,
"отко́с, -а",,,,фахс,,,,,,,,,,
открове́нно,нареч.,,,æрго́м ,,,,,,,,,,
,,,,æрго́мæй,,,,,,,,,,
"открыва́ть,  а́ю, -а́ешь",несов.,,,го́м кæнын,,,,,,,,,,
"откры́тый, -ая, -ое",,,,гом,,,,,,,,,,
"откры́ть, -кро́ю, -кро́ешь",сов.,,,ба́йгом кæнын,,,,,,,,,,
отку́да,нареч.,,,кæцǽй,,,,,,,,,,
отку́да-нибудь,нареч.,,,и́скæцæй,,,,,,,,,,
отку́да-то,нареч.,,,кæцǽйдæр,,,,,,,,,,
"отли́чие, -я",,,,хи́цæндзинад,,,,,,,,,,
"отличи́ться, -чу́сь, -чи́шься",сов.,,,фе́сгуыхын,,,,,,,,,,
отли́чно,нареч.,,,иттǽг хорз,,,,,,,,,,
отложи́тельный: падеж,,,,и́ртæстон ха́уæн,,,,,,,,,,
"отме́нный, -ая, -ое",,,,ахъа́ззаг,,,,,,,,,,
"отме́тить, -ме́чу, -ме́тишь",сов.,,,фæбǽрæг кæнын ,,,,,,,,,,
,,,,фæга́кк кæнын,,,,,,,,,,
"отмеча́ть, -а́ю, -а́ешь",несов.,,,бæрǽг кæнын,,,,,,,,,,
,,,,га́кк кæнын,,,,,,,,,,
"отнима́ть, -а́ю, -а́ешь",несов.,,,и́сын,,,,,,,,,,
"относи́ться, -ношу́сь, -но́сишься",несов.,,,ха́уын,,,,,,,,,,
"отноше́ние, -я",,,,а́хаст ,,,,,,,,,,
,,,,а́хастдзинад,,,,,,,,,,
отны́не,нареч.,,,а́мæй фæстæмæ ,,,,,,,,,,
,,,,а́рдыгæй фæстæмæ,,,,,,,,,,
"отня́ть, -ниму́, -ни́мешь",сов.,,,ба́йсын,,,,,,,,,,
"отомсти́ть, -мщу́, -мсти́шь",сов.,,1.,ма́ст райсын,,,,,,,,,,
,,,2. (о кровной мести) ,ту́г райсын,,,,,,,,,,
"оторва́ть, -рву, -рвёшь",сов.,,,ра́тонын ,,,,,,,,,,
,,,,ра́скъуынын,,,,,,,,,,
"отосла́ть, -шлю́, -шлёшь",сов.,,,фæстǽмæ арвитын,,,,,,,,,,
"отпра́вить, -влю, -вишь",сов.,,,а́рвитын,,,,,,,,,,
"отпра́виться, -влюсь, -вишься",несов.,,,а́раст уæвын,,,,,,,,,,
"отправля́ть, -я́ю, -я́ешь",,,,æрви́тын,,,,,,,,,,
"о́трасль, -и",,,,къаба́з,,,,,,,,,,
"отреза́ть, -а́ю, -а́ешь",несов.,,,лыг кǽнын,,,,,,,,,,
"отре́зать, -ре́жу, -ре́жешь",сов.,,,ра́лыг кæнын,,,,,,,,,,
"отрица́ние, -я",,,,æппǽрццæг,,,,,,,,,,
"отрица́тельный, -ая, -ое",,,,æппǽрццæг,,,,,,,,,,
"отрыва́ть, -а́ю, -а́ешь",несов.,,,скъуы́нын,,,,,,,,,,
"отры́вок, -вка",,,,скъуы́ддзаг,,,,,,,,,,
"отря́д, -а",,,,къорд ,,,,,,,,,,
,,,,бал,,,,,,,,,,
отсю́да,нареч.,,,а́рдыгæй,,,,,,,,,,
отту́да,нареч.,,,уы́рдыгæй,,,,,,,,,,
"о́тчество, -а",,,,фыды́ ном,,,,,,,,,,
"охо́титься, охо́чусь, охо́тишься",несов.,,,цуа́н кæнын,,,,,,,,,,
"охо́тник, -а",,,,цуа́нон,,,,,,,,,,
"охра́нник, -а",,,,дуа́ргæс,,,,,,,,,,
"оце́нивать, -аю, -аешь",несов.,,,а́ргъ кæнын,,,,,,,,,,
"оцени́ть, оценю́, оце́нишь",сов.,,,а́ргъ скæнын,,,,,,,,,,
"оце́нка, -и",,,,бæрǽггæнæн,,,,,,,,,,
"оча́г, -а́",,,,къо́на,,,,,,,,,,
о́чень,нареч.,,,тынг ,,,,,,,,,,
,,,,иттǽг,,,,,,,,,,
"очередно́й, -а́я, -о́е",,,,ра́дон,,,,,,,,,,
"о́чередь, -и",,,,рад,,,,,,,,,,
"очи́стить, оч́ищу, очи́стишь",сов.,,1. (сделать чистым) ,ссы́гъдæг кæнын,,,,,,,,,,
,,,2. (снять верхний слой),ба́стигъын,,,,,,,,,,
"очища́ть, -а́ю, -а́ешь",несов.,,1. (делать чистым),сыгъдǽг кæнын,,,,,,,,,,
,,,2. (снимать верхний слой) ,сти́гъын,,,,,,,,,,
"очки́, -о́в",тк. мн.,,,кæсǽнцæстытæ,,,,,,,,,,
"очну́ться, -ну́сь, -нёшься",сов.,,,æрчъи́цын,,,,,,,,,,
"очути́ться, 1 л. нет,  очу́тишься", сов.,,,фе́стын,,,,,,,,,,
"ошиба́ться, -а́юсь, -а́ешься",несов.,,,рæди́йын,,,,,,,,,,
"ошиби́ться, -бу́сь, -бёшься",сов.,,,фæрǽдийын,,,,,,,,,,
"оши́бка, -и",,,,рæды́д,,,,,,,,,,
"оши́бочный, -ая, -ое",,,,рæды́д,,,,,,,,,,
"павли́н, -а",зоол.,,,мæлхъ,,,,,,,,,,
"па́дать, -аю, -аешь",несов.,,,ха́уын,,,,,,,,,,
"паде́ж, -а́",лингв.,,,ха́уæн,,,,,,,,,,
"пала́тка, -и",,,,ца́тыр,,,,,,,,,,
"па́лец, -льца",,,,æнгуы́лдз,,,,,,,,,,
"па́лка, -и",,,,лæдзǽг,,,,,,,,,,
"па́мятник, -а",,,,цырт ,,,,,,,,,,
,,,,цыртдзǽвæн,,,,,,,,,,
"па́мятный, -ая, -ое",,,,зæрды́лдарæн,,,,,,,,,,
"па́рта, -ы",,,,па́ртæ,,,,,,,,,,
"па́смурный, -ая, -ое",,,,а́сæст,,,,,,,,,,
"па́стбище, -а",,,,сæрвǽт,,,,,,,,,,
"пасти́, пасу́, пасёшь",несов.,,,хи́зын,,,,,,,,,,
"пасти́сь, -су́сь, -сёшься",несов.,,,хи́зын ,,,,,,,,,,
"пасту́х, -а́",,,,фыййа́у,,,,,,,,,,
"Па́сха, -и",рел.,,,Куа́дзæн,,,,,,,,,,
"па́хнуть, -ну, -нешь",несов.,,,тæф кǽнын,,,,,,,,,,
"па́шня, -и",,,,хуым ,,,,,,,,,,
,,,,хуымгǽнд,,,,,,,,,,
"певе́ц, -вца́",,,,за́рæггæнæг,,,,,,,,,,
"пелена́, -ы́",,,,тæлм,,,,,,,,,,
"пе́нистый, -ая, -ое",,,,фынкка́лгæ,,,,,,,,,,
"пенсионе́р, -а",,,,пе́нсиисæг,,,,,,,,,,
"пе́пел, -пла",тк. ед.,,,æртху́тæг,,,,,,,,,,
"пе́пельница, -ы",,,,æртху́тæгдон,,,,,,,,,,
"пе́пельный, -ая, -ое",,,,фæны́кхуыз,,,,,,,,,,
"пе́рвый, -ая, -ое",,,,фыцца́г,,,,,,,,,,
"переби́ть, -бью́, -бьёшь",сов.,,,фæцǽгъдын,,,,,,,,,,
"перева́л, -а",(горный),,,æфцǽг,,,,,,,,,,
"переверну́ть, -ну́, -нёшь",сов.,,,а́фæлдахын ,,,,,,,,,,
,,,,ра́фæлдахын,,,,,,,,,,
"перевести́, -веду́, ведёшь",сов.,,,ра́тæлмац кæнын,,,,,,,,,,
"перево́д, -а",,,1. (на др. язык),тæлма́ц,,,,,,,,,,
,,,2. (переслать) ,æрвы́ст,,,,,,,,,,
,,,3. (назначить),ивд,,,,,,,,,,
"переводи́ть, -вож́у, -во́дишь",несов.,,1. (на др. язык),тæлма́ц кæнын,,,,,,,,,,
,,,2. (пересылать),æрвит́ын,,,,,,,,,,
,,,3. (назначать)  ,и́вын ,,,,,,,,,,
"переводно́й, -а́я, -о́е",,,,тæлма́цгонд,,,,,,,,,,
"перево́дчик, -а",,,,тæлма́цгæнæг,,,,,,,,,,
"перевора́чивать, -аю, -аешь",несов.,,,фæлда́хын,,,,,,,,,,
"перёд, пе́реда",,,,раз,,,,,,,,,,
пе́ред,предлог,,,раз,,,,,,,,,,
,,,,ра́зæй,,,,,,,,,,
,,,,ра́змæ,,,,,,,,,,
"переда́ча, -и",,,1. ,а́лæвæрд,,,,,,,,,,
,,,2. (программа),ра́вдыст,,,,,,,,,,
"пере́дний, -яя, -ее",,,,ра́ззаг,,,,,,,,,,
"пере́дник, -а",,,,ра́здарæн ,,,,,,,,,,
,,,,куа́тæ,,,,,,,,,,
"перее́хать, -е́ду, -е́дешь",сов.,,,а́лидзын,,,,,,,,,,
"пережива́ть, -а́ю, -а́ешь",несов.,,,мæт кǽнын ,,,,,,,,,,
,,,,са́гъæс кæнын,,,,,,,,,,
"перейти́, перейду́, перейдёшь",сов.,,,а́хизын,,,,,,,,,,
,,,,схи́зын,,,,,,,,,,
"перекры́ть, -кро́ю, кро́ешь",сов.,,,æрǽхгæнын,,,,,,,,,,
"перемеша́ть, -а́ю, -а́ешь",сов.,,,сы́змæнтын,,,,,,,,,,
"переме́шивать, -а́ю, -а́ешь",несов.,,,змǽнтын,,,,,,,,,,
"переписа́ть, -пишу́, пи́шешь",сов.,,,ра́фыссын ,,,,,,,,,,
"пе́репись, -и",,,,ра́фыст,,,,,,,,,,
"переселе́нец, -нца",,,,æрли́дзæг,,,,,,,,,,
"пересели́ться, -лю́сь, -ли́шься",сов.,,,фæли́дзын,,,,,,,,,,
"пе́рец, -рца",бот.,,1. (молотый),бырц,,,,,,,,,,
,,,2. (стручковый),цывзы́,,,,,,,,,,
"переч́ить, -чу, -чишь",несов.,,,фæстǽмæ дзурын,,,,,,,,,,
"перо́, -а́",,,,сис,,,,,,,,,,
"перси́дский, -ая, -ое",,,,перса́йнаг,,,,,,,,,,
"пе́рсик, -а",бот.,,,а́лтъами,,,,,,,,,,
"перс, -а",,,,перса́йнаг,,,,,,,,,,
"перча́тка, -и",,,,æрмкъу́х,,,,,,,,,,
"пе́сня, -и",,,,за́рæг,,,,,,,,,,
"песо́к, -ска́",,,,змис,,,,,,,,,,
"песча́ный, -ая, -ое",,,,зми́сджын,,,,,,,,,,
"пету́х, -а́",зоол.,,,уа́сæг,,,,,,,,,,
"петь, пою́, поёшь",несов.,,,за́рын,,,,,,,,,,
"печа́литься, -люсь, -лишься",несов.,,,хъыг кǽнын,,,,,,,,,,
,,,,æнкъа́рд кæнын ,,,,,,,,,,
"печа́ль, -и",,,,хъыг ,,,,,,,,,,
,,,,са́гъæс,,,,,,,,,,
"печальный, -ая, -ое",,,,æрхǽндæг,,,,,,,,,,
,,,,æнкъа́рд,,,,,,,,,,
"печа́тать, -аю, -аешь",несов.,,,мыхуы́р кæнын ,,,,,,,,,,
"печа́тный, -ая, -ое",,,1. (текст),мыхуы́ргонд,,,,,,,,,,
,,,2. (инструмент),мыхуы́ргæнæн,,,,,,,,,,
"печа́ть, -и",,,,мыхуы́р,,,,,,,,,,
"пече́нье, -я",,,,пече́ни,,,,,,,,,,
"печь1, -и́",,,,пец,,,,,,,,,,
"печь2, пеку́, печёшь",несов.,,,фыцы́н,,,,,,,,,,
пешко́м,нареч.,,,фи́стæгæй,,,,,,,,,,
"пеще́ра, -ы",,,,лæгǽт,,,,,,,,,,
"пёстрый, -ая, -ое",,,,хъу́лон,,,,,,,,,,
,,,,кæркǽ-мæркæ,,,,,,,,,,
"печёный, -ая, -ое",,,,фых,,,,,,,,,,
"пи́во, -а",,,,бæгǽны,,,,,,,,,,
"пир, -а",,,,куывд,,,,,,,,,,
"пиро́г, -а́",,,,чъи́ри,,,,,,,,,,
"писа́тель, -я",,,,фыссǽг,,,,,,,,,,
"писа́ть, пишу́, пи́шешь",несов.,,,фыссы́н,,,,,,,,,,
"пистоле́т, -а",,,,дамба́ца,,,,,,,,,,
"пи́сьменность, -и",,,,фыссы́над,,,,,,,,,,
"пить, пью, пьёшь",несов.,,,нуа́зын,,,,,,,,,,
,,,,цымы́н,,,,,,,,,,
"питьё, -я́",,,,нуа́зинаг,,,,,,,,,,
,,,,нозт,,,,,,,,,,
"пи́ща, -и",,,,хо́йраг,,,,,,,,,,
"пла́вать, -аю, -аешь",несов.,,,ле́нк кæнын,,,,,,,,,,
"пла́кать, пла́чу, пла́чешь",несов.,,,кæуы́н,,,,,,,,,,
"плакси́вый, -ая, -ое",,,,кæуа́г,,,,,,,,,,
"пла́мя, -мени",,,,пи́ллон,,,,,,,,,,
"плати́ть, плачу́, пла́тишь",несов.,,,фи́дын,,,,,,,,,,
"плато́к, -тка",,,,кæлмǽрзæн,,,,,,,,,,
"пла́тье, -я",,,,къа́ба,,,,,,,,,,
"плач, -а",,,,кæуы́н ,,,,,,,,,,
,,,,куыд,,,,,,,,,,
"плащ, -а́",,,,пæлǽз,,,,,,,,,,
"плева́ть, плюю́, плюёшь",несов.,,,ту́ кæнын,,,,,,,,,,
"пле́мя, -мени",,,,знæм,,,,,,,,,,
"плен, -а",,,,уа́цар,,,,,,,,,,
"пле́нник, -а",,,,уа́цайраг,,,,,,,,,,
"плести́, плету́, плетёшь",несов.,,,бийы́н,,,,,,,,,,
"плете́нь, -тня́",,,,кау,,,,,,,,,,
"плечо́, -а́",,,,уæхск,,,,,,,,,,
"плётка, -и",,,,ехс,,,,,,,,,,
"плита́, -ы́",,,,къæй,,,,,,,,,,
"плове́ц, -вца́",,,,ле́нкгæнæг,,,,,,,,,,
"пло́ский, -ая, -ое",,,,тъæпǽн,,,,,,,,,,
пло́тно,нареч.,,,æнго́м,,,,,,,,,,
"пло́тный, -ая, -ое",,,,бæзджы́н,,,,,,,,,,
,,,,æнго́м,,,,,,,,,,
пло́хо,нареч.,,,æвзǽр,,,,,,,,,,
"плохо́й, -а́я, -о́е",,,,æвзǽр,,,,,,,,,,
"пло́щадь, -и",,,1.,фæз,,,,,,,,,,
,,,2. матем. ,фæзуа́т,,,,,,,,,,
"плуг, -а",,,,гу́тон,,,,,,,,,,
"плю́нуть, -ну, -нешь",сов.,,,а́ту кæнын,,,,,,,,,,
"побе́да, -ы",,,,уæла́хиз,,,,,,,,,,
"победи́ть, 1 л. нет, -д́ишь",сов.,,,а́мбулын,,,,,,,,,,
,,,,фæуǽлахиз уæвын,,,,,,,,,,
"побежа́ть, -бегу́, -бежи́шь",сов.,,,а́згъорын,,,,,,,,,,
"побежда́ть, -а́ю, -а́ешь",несов.,,,æмбу́лын ,,,,,,,,,,
,,,,уæла́хиз кæнын,,,,,,,,,,
"побеле́ть, -ле́ю, -ле́ешь",сов.,,,су́рс уæвын,,,,,,,,,,
,,,,у́рс адарын,,,,,,,,,,
"побели́ть, -белю́, -бе́лишь",сов.,,,чъырǽй сцæгъдын,,,,,,,,,,
"побесе́довать, -дую, -дуешь",сов.,,,а́ныхас кæнын,,,,,,,,,,
"побеспоко́ить, -ко́ю, -ко́ишь",сов.,,,ба́хъыгдарын,,,,,,,,,,
"поби́ть, побью́, побьёшь",сов.,,1. (кого-л.) ,фæнǽмын,,,,,,,,,,
,,,2. (что-л.),а́сæттын,,,,,,,,,,
"поблагодари́ть, -рю́, -ри́шь",сов.,,,ра́арфæ кæнын,,,,,,,,,,
"поборо́ть, -борю́, -бо́решь",сов.,,,а́бырсын,,,,,,,,,,
"побри́ть, -бре́ю, -бре́ешь",сов.,,,а́дасын ,,,,,,,,,,
,,,,ныдда́сын,,,,,,,,,,
по-ва́шему,вводн. сл.,,,сыма́хмæ гæсгæ,,,,,,,,,,
"пове́рить, -ве́рю, -ве́ришь",сов.,,,ба́ууæндын,,,,,,,,,,
,,,,ба́уырнын ,,,,,,,,,,
"поверну́ться, ну́сь, -нёшься",сов.,,,фе́здæхын ,,,,,,,,,,
,,,,а́зилын,,,,,,,,,,
"пове́рхность, -и",,,,уæлцъа́р,,,,,,,,,,
"пове́сить, -ве́шу, -ве́сишь",сов.,,,æрца́уындзын ,,,,,,,,,,
,,,,са́уындзын,,,,,,,,,,
"повести́, -веду́, ведёшь",сов.,,,а́хонын,,,,,,,,,,
"по́весть, -и",,,,уа́цау,,,,,,,,,,
"повинова́ться, -ну́юсь, -ну́ешься",,,1. несов.,ко́ммæ кæсын,,,,,,,,,,
,,,2. сов.,ко́ммæ бакæсын ,,,,,,,,,,
,,,,ба́коммæ кæсын,,,,,,,,,,
"по́вод, -а",,,,æфсо́н,,,,,,,,,,
"повора́чивать, -аю, -аешь",несов.,,,зда́хын ,,,,,,,,,,
,,,,зи́лын,,,,,,,,,,
"повора́чиваться, -аюсь, -аешься",несов.,,,зи́лын,,,,,,,,,,
"повторе́ние, -я",,,,фæлха́т ,,,,,,,,,,
,,,,фæлха́ткæнынад,,,,,,,,,,
"повтори́ть, -рю́, -ри́шь",сов.,,,сфǽлхат кæнын,,,,,,,,,,
"повторя́ть, -я́ю,-я́ешь",несов.,,,фæлха́т кæнын,,,,,,,,,,
"повы́сить, -вы́шу, -вы́сишь",сов.,,,фæбǽрзонддæр кæнын,,,,,,,,,,
,,,,фæуǽлдæр кæнын,,,,,,,,,,
"повыша́ть, -а́ю, -а́ешь",несов.,,,бæрзо́нддæр кæнын,,,,,,,,,,
,,,,уæлдǽр кæнын,,,,,,,,,,
"погаси́ть, -гашу́, -га́сишь",сов.,,,а́хуыссын кæнын,,,,,,,,,,
"пога́снуть, -ну, -нешь",сов.,,,а́хуыссын,,,,,,,,,,
"поги́бнуть, -ну, -нешь",сов.,,,фæма́рд уæвын,,,,,,,,,,
"погладить, -гла́жу, -гла́дишь",сов.,,1.,а́дауын,,,,,,,,,,
,,,2. (выгладить),и́ту сæвæрын,,,,,,,,,,
"погна́ться, -гоню́сь, -го́нишься",сов.,,,а́сурын,,,,,,,,,,
"поговори́ть, -рю́, -ри́шь",сов.,,,а́ныхас кæнын,,,,,,,,,,
"пого́да, -ы",тк. ед.,,,бо́ныхъæд,,,,,,,,,,
"пого́ня, -и",,,,фæди́с,,,,,,,,,,
"по́греб, -а",,,,уæрм,,,,,,,,,,
"погрози́ть, -грожу́, -грози́шь",сов.,,,ба́ртхъирæн кæнын,,,,,,,,,,
под,предлог,,,бын,,,,,,,,,,
"подава́ть, -даю́, -даёшь",несов.,,,дæтты́н,,,,,,,,,,
"подари́ть, -дарю́, -да́ришь",сов.,,,ба́лæвар кæнын,,,,,,,,,,
"пода́рок, -рка",,,,лæва́р,,,,,,,,,,
"пода́ть, -да́м, -да́шь",сов.,,,ба́дæттын,,,,,,,,,,
"подборо́док, -дка",,,,ро́цъо,,,,,,,,,,
"по́двиг, -а",,,,сгуы́хтдзинад,,,,,,,,,,
"подви́жный, -ая, -ое",,,,цæрдǽг,,,,,,,,,,
"подгото́вить, -влю, -вишь",сов.,,,ба́цæттæ кæнын,,,,,,,,,,
"подгото́вленный, -ая, -ое",,,,цæттǽгонд,,,,,,,,,,
"поддержа́ть, -держу́, -де́ржишь",сов.,,1.,фæхǽцын,,,,,,,,,,
,,,2. (выступить в защиту) ,фа́рс рахæцын,,,,,,,,,,
"подже́чь, подожгу́, подожжёшь",сов.,,,ба́ндзарын,,,,,,,,,,
"поджига́ть, -а́ю, -а́ешь",несов.,,,æндза́рын,,,,,,,,,,
"подко́ва, -ы",,,,цæфха́д,,,,,,,,,,
"подлежа́щее, -его",лингв.,,,сæйра́т,,,,,,,,,,
"подмести́, -мету́, -метёшь",сов.,,,ныммǽрзын,,,,,,,,,,
"подмета́ть, -а́ю, -а́ешь",несов.,,,мæрзы́н,,,,,,,,,,
"подми́гивать, -аю, -аешь",несов.,,,цæст ны́къулын,,,,,,,,,,
"подмигну́ть, -ну́, -нёшь",сов.,,,цæст фǽныкъулын,,,,,,,,,,
"поднима́ть, -а́ю, -а́ешь",несов.,,,и́сын,,,,,,,,,,
"подно́жие, -я",,,,рæбы́н ,,,,,,,,,,
"подня́ть, -ниму́, -ни́мешь",сов.,,,си́сын,,,,,,,,,,
"подня́ться, -ниму́сь, -ни́мешься",сов.,,,схи́зын,,,,,,,,,,
"подо́бный, -ая, -ое",,,,хуызǽн,,,,,,,,,,
"пододея́льник, -а",,,,хъæццу́лыцъар,,,,,,,,,,
"подожда́ть, -жду́, -ждёшь",сов.,,,ба́нхъæлмæ кæсын,,,,,,,,,,
"подо́л, -а",,,,фæдджи́,,,,,,,,,,
"подпева́ть, -а́ю, -а́ешь",несов.,,,хъырны́н,,,,,,,,,,
"подпо́рка, -и",,,,быцǽу,,,,,,,,,,
"подража́ть, -а́ю, -а́ешь",несов.,,,фæзмы́н,,,,,,,,,,
"подро́бный, -ая, -ое",,,,бæлвы́рд,,,,,,,,,,
по-друго́му,нареч.,,,æндǽр хуызы,,,,,,,,,,
"подружи́ться, -дружу́сь, -дру́жишься",сов.,,,ба́хæлар уæвын,,,,,,,,,,
подря́д,нареч.,,,фæд-фǽдыл,,,,,,,,,,
"подсне́жник, -а",,,,ма́лусæг,,,,,,,,,,
"подсо́лнух, -а",,,,æхсы́нæн,,,,,,,,,,
"подтяну́ть, -тяну́, -тя́нешь",сов.,,1. (подтащить),ба́ласын,,,,,,,,,,
,,,2. (поднять),схǽцын,,,,,,,,,,
,,,3. (затянуть),ба́лвасын,,,,,,,,,,
"подтяну́ться, -тян́усь, -тя́нешься",сов.,,,хи́ сивазын,,,,,,,,,,
"поду́мать, -аю, -аешь",сов.,,,а́хъуыды кæнын,,,,,,,,,,
"поду́ть, -ду́ю, ду́ешь",сов.,,,ба́фу кæнын,,,,,,,,,,
"поду́шка, -и",,,,баз,,,,,,,,,,
"подчеркну́ть, -ну́, -нёшь",сов.,,,ба́хахх кæнын,,,,,,,,,,
"подчёркивать, -аю, -аешь",несов.,,,ха́хх кæнын,,,,,,,,,,
"подчинённый, -ая, -ое",,,,дæлба́р ,,,,,,,,,,
"пое́хать, е́ду, -е́дешь",сов.,,,а́цæуын,,,,,,,,,,
"пожале́ть, -е́ю, -е́ешь",сов.,,1. (кого-л.),фæтǽригъæд кæнын ,,,,,,,,,,
,,,,ба́тæригъæд кæнын,,,,,,,,,,
,,,2. (для кого-л.),ба́вгъау кæнын,,,,,,,,,,
"пожа́ловаться, -луюсь, -луешься",сов.,,1. (на кого-л.),ба́хъаст кæнын,,,,,,,,,,
,,,2. (кому-л.) ,хъа́ст бахæссын,,,,,,,,,,
пожа́луйста,частица,,1. (просьба),дæ хо́рзæхæй,,,,,,,,,,
,,,2. (ответ) ,та́буафси,,,,,,,,,,
"пожа́р, -а",,,,зынги́рвæзт,,,,,,,,,,
"пожела́ние, -я",,,,фæндо́н ,,,,,,,,,,
,,,,фæнди́аг,,,,,,,,,,
"пожило́й, -ая, -ое",,,,а́цæргæ,,,,,,,,,,
,,,,ка́рджын,,,,,,,,,,
позавчера́,нареч.,,,æндǽрæбон,,,,,,,,,,
"позапрошлого́дний, -яя, -ее",,,,æндǽразыккон,,,,,,,,,,
позапро́шлый: год,,,,æндǽраз,,,,,,,,,,
"позва́ть, -зову́, -зовёшь",сов.,,1.,фæдзу́рын  ,,,,,,,,,,
,,,,фæси́дын,,,,,,,,,,
,,,2. (пригласить),фæхо́нын,,,,,,,,,,
"позво́лить, -лю, -лишь",сов.,,,ба́уадзын,,,,,,,,,,
"позволя́ть, -я́ю, -я́ешь",несов.,,,уа́дзын,,,,,,,,,,
"позвони́ть, -ню́, -ни́шь                ",сов. (по телефону),,,те́лефонæй бадзурын,,,,,,,,,,
"по́здний, -яя, -ее",,,1. ,æрǽджиау,,,,,,,,,,
,,,2. (в сложн. сл.),æрǽг-,,,,,,,,,,
по́здно,нареч.,,,æрǽгмæ ,,,,,,,,,,
,,,,æрǽджиау,,,,,,,,,,
"поздоро́ваться, -аюсь, -аешься",несов.,,,сала́м раттын,,,,,,,,,,
"поздравля́ть, -я́ю, -я́ешь",сов.,,,а́рфæ кæнын,,,,,,,,,,
по́зже,нареч.,,,фæстǽдæр,,,,,,,,,,
"познако́мить, -млю, -мишь",сов.,,,ба́зонгæ кæнын,,,,,,,,,,
"познако́миться, -млюсь, -мишься",сов.,,,ба́зонгæ уæвын,,,,,,,,,,
"позо́р, -а",,,,ху́динаг,,,,,,,,,,
"пойма́ть, -а́ю, -а́ешь",сов.,,,æрца́хсын,,,,,,,,,,
"пойти́, пойду́, пойдёшь",сов.,,,а́цæуын,,,,,,,,,,
пока́,нареч.,,,нырма́ ,,,,,,,,,,
,,,,нырма́  уал,,,,,,,,,,
пока,союз,,,ца́лынмæ,,,,,,,,,,
"показа́ть, -кажу́, -ка́жешь",сов.,,1. (что-л.),ра́вдисын,,,,,,,,,,
,,,2. (на что-л.) ,ба́цамонын,,,,,,,,,,
"пока́зывать, -аю, -аешь",несов.,,1. (что-л.) ,æвди́сын,,,,,,,,,,
,,,2. (на что-л.),а́монын ,,,,,,,,,,
"покати́ться, -качу́сь, -ка́тишься",сов.,,,а́тулын,,,,,,,,,,
"покля́сться, -кляну́сь, клянёшься",сов.,,,со́мы бакæнын ,,,,,,,,,,
,,,,а́рд бахæрын,,,,,,,,,,
"поко́й, -я",,,,æнцо́й ,,,,,,,,,,
,,,,æнцо́йдзинад,,,,,,,,,,
"поко́йник, -а",,,,мард,,,,,,,,,,
,,,,зиа́н,,,,,,,,,,
"поколе́ние, -я",,,,фæлтǽр,,,,,,,,,,
"покори́ть, -рю́, -ри́шь",сов.,,,ба́сæттын,,,,,,,,,,
"покра́сить, -кра́шу, -кра́сишь",сов.,,,са́хорын,,,,,,,,,,
"покрыва́ло, -а",,,,æмбǽрзæн,,,,,,,,,,
"покупа́тель, -я",,,,æлхǽнæг,,,,,,,,,,
"покупа́ть, -а́ю, -а́ешь",несов.,,,æлхǽнын,,,,,,,,,,
"по́лдень, полу́дня",,,,æмби́сбон ,,,,,,,,,,
,,,,бо́нрæфтæ,,,,,,,,,,
"по́ле, -я",,,1.,быды́р,,,,,,,,,,
,,,2. (вспаханное) ,хуым,,,,,,,,,,
"полени́ться, -леню́сь, -ле́нишься",сов.,,,ба́зивæг кæнын,,,,,,,,,,
"полете́ть, -лечу́, -лети́шь",сов.,,,а́тæхын,,,,,,,,,,
"полити́ческий, -ая, -ое",,,,поли́тикон,,,,,,,,,,
"поли́ция, и",,,,пъæли́цæ,,,,,,,,,,
"по́лка, -и",,,,тæрхǽг,,,,,,,,,,
"полко́вник, -а",,,,бу́лкъон,,,,,,,,,,
по́лностью,нареч.,,,æххǽстæй  ,,,,,,,,,,
"по́лночь, -и",,,,æмби́сæхсæв,,,,,,,,,,
"по́лный, -ая, -ое",,,1. (наполненный),дзаг ,,,,,,,,,,
,,,2. (упитанный) ,хæрзхуы́з,,,,,,,,,,
"полови́на, -ы",,,,æмби́с,,,,,,,,,,
,,,,æрдǽг,,,,,,,,,,
"положе́ние, -я",,,1. (состояние),уа́вæр,,,,,,,,,,
,,,2. (расположение) ,бына́т,,,,,,,,,,
"положи́тельный, -ая, -ое",,,,æвǽрццæг,,,,,,,,,,
"положи́ть, - ложу́, -ло́жишь",сов.,,,сǽвæрын ,,,,,,,,,,
,,,,æрǽвæрын,,,,,,,,,,
"полоса́, -ы́",,,,тæлм,,,,,,,,,,
"полоска́ть, -а́ю, -а́ешь",несов.,,,æнхъǽвзын,,,,,,,,,,
"полоте́нце, -а",,,,хи́сæрфæн,,,,,,,,,,
"полукру́глый, -ая, -ое",,,,æрдǽгзылд,,,,,,,,,,
"полуо́стров, -а",,,,æрдǽгсакъадах,,,,,,,,,,
"полуразру́шенный, -ая, -ое",,,,æрдǽгхæлд,,,,,,,,,,
"полуфина́л, -а",спорт.,,,æмби́сфинал,,,,,,,,,,
"получа́тель, -я",,,,и́сæг,,,,,,,,,,
"получа́ть, -а́ю, -а́ешь",несов.,,,и́сын,,,,,,,,,,
"получа́ться, -а́юсь, -а́ешься",несов.,,,уа́йын,,,,,,,,,,
"получи́ть, -лучу́, -лу́чишь",сов.,,,ра́йсын,,,,,,,,,,
"получи́ться, -лучу́сь, -лу́чишься",сов.,,,ра́уайын,,,,,,,,,,
"полчаса́, получа́са",тк. мн.,,,саха́тырдæг,,,,,,,,,,
"по́льза, -ы",тк. ед.,,,пайда́,,,,,,,,,,
"по́льзоваться, -зуюсь, -зуешься",несов.,,,пайда́ кæнын,,,,,,,,,,
"полюби́ть, -люблю́, -лю́бишь",сов.,,,ба́уарзын,,,,,,,,,,
"поля́на, -ы",,,,æрду́з,,,,,,,,,,
"поменя́ть(ся), -я́ю(сь), -я́ешь(ся)",сов.,,,ба́ивын,,,,,,,,,,
"помеша́ть1, -а́ю, -а́ешь",сов.,,,ба́къуылымпы кæнын,,,,,,,,,,
,,,,ба́хъыгдарын,,,,,,,,,,
"помеша́ть2, -а́ю, а-́ешь",сов. (перемешать) ,,,а́змæнтын,,,,,,,,,,
"помеще́ние, -я",,,,бæсты́хай,,,,,,,,,,
"помидо́р, -а",,,,пъами́дор,,,,,,,,,,
"по́мнить, -ню, -нишь",несов.,,,зæрды́л дарын,,,,,,,,,,
"помога́ть,-а́ю,-а́ешь",несов.,,,æххуы́с кæнын,,,,,,,,,,
по-мо́ему,вводн. сл.,,,мæнмǽ гæсгæ,,,,,,,,,,
"помоли́ться, -молю́сь, -мо́лишься",сов.,,,ба́кувын,,,,,,,,,,
"помо́чь, -могу́, -мо́жешь",сов.,,,ба́ххуыс кæнын ,,,,,,,,,,
,,,,фе́ххуыс кæнын,,,,,,,,,,
"помо́щник, -а",,,,æххуы́сгæнæг,,,,,,,,,,
"по́мощь, -и",,,,æххуы́с,,,,,,,,,,
"помы́ть, -мо́ю, -мо́ешь",сов.,,,ныхсы́н,,,,,,,,,,
"пона́добиться, -блюсь, -бишься",сов.,,,ба́хъæуын,,,,,,,,,,
"понеде́льник, -а",,,,къуыри́сæр,,,,,,,,,,
"понима́ть, -а́ю, -а́ешь",несов.,,,æмба́рын ,,,,,,,,,,
,,,,ха́тын,,,,,,,,,,
"понра́виться, -влюсь, -вишься",сов.,,,зæрдǽмæ фæцæуын,,,,,,,,,,
"поня́тливый, -ая, -ое",,,,æмба́ргæ,,,,,,,,,,
"поня́тный, -ая, -ое",,,,æнцо́нæмбарæн,,,,,,,,,,
"по́нятый, -ая, -ое",,,,æмбǽрстгонд,,,,,,,,,,
"поня́ть, пойму́, поймёшь",сов.,,,ба́мбарын,,,,,,,,,,
"пообеща́ть, а́ю,- а́ешь",сов.,,,зæрдǽ бавæрын,,,,,,,,,,
по-осети́нски,нареч. ,,,иро́нау,,,,,,,,,,
"попада́ть, -а́ю, -а́ешь",несов.,,,ха́уын,,,,,,,,,,
"попа́сть, -паду́, -падёшь",сов.,,,ба́хауын,,,,,,,,,,
"попече́ние, -я",,,,æвджи́д,,,,,,,,,,
"попуга́й, -я",,,,ту́ти,,,,,,,,,,
"попыта́ться, -а́юсь, -а́ешься",,,,ба́фæлварын,,,,,,,,,,
"попы́тка, -и",,,,фæлва́рæн,,,,,,,,,,
"пора́, -ы",,,1.,а́фон,,,,,,,,,,
,,,2. в функц. сказ.,а́фон у,,,,,,,,,,
"порва́ть, -ву́, -вёшь",сов.,,,а́скъуынын,,,,,,,,,,
"порва́ться, -ву́сь, -вёшься",сов.,,,а́скъуыйын,,,,,,,,,,
"поре́зать, -ре́жу, -ре́жешь",сов.,,,а́лыг кæнын,,,,,,,,,,
"поро́г, -а",,,,къæсǽр,,,,,,,,,,
"породни́ться, -ню́сь, -ни́шься",сов.,,,ба́хæстæг кæнын,,,,,,,,,,
поро́й,нареч.,,,ха́тгай,,,,,,,,,,
"поросёнок, -нка",,,,хъыбы́л,,,,,,,,,,
"поро́чить, -чу, -чишь",несов.,,,фа́уын,,,,,,,,,,
"по́ртить, по́рчу, по́ртишь",несов.,,,са́фын ,,,,,,,,,,
,,,,ха́лын,,,,,,,,,,
"портиться, по́рчусь, по́ртишься",несов.,,,сǽфын ,,,,,,,,,,
,,,,хǽлын,,,,,,,,,,
"портфе́ль, -я",,,,хызы́н,,,,,,,,,,
,,,,пъартфе́л,,,,,,,,,,
по-ру́сски,нареч.,,,уыры́ссагау,,,,,,,,,,
"поруча́ть,  а́ю, -а́ешь",несов.,,,фæдзǽхсын,,,,,,,,,,
"поруче́ние, -я",,,,ныстуа́н ,,,,,,,,,,
,,,,фæдзǽхст,,,,,,,,,,
"поручи́ть, -ручу́, -ру́чишь",сов.,,,ба́фæдзæхсын,,,,,,,,,,
"поря́док, -дка",,,,фæтк,,,,,,,,,,
"посади́ть, -сажу́, -са́дишь",сов.,,1. (что-л.),нысса́дзын,,,,,,,,,,
,,,2. (кого-л.),сба́дын кæнын,,,,,,,,,,
по-сво́ему,нареч.,,,йæхи́рдыгонау,,,,,,,,,,
посереди́не,нареч.,,,а́стæу,,,,,,,,,,
"посе́ять, -се́ю, -се́ешь",сов.,,,ба́йтауын,,,,,,,,,,
"поскользну́ться, -ну́сь, -нёшься",сов.,,,фæбы́рын,,,,,,,,,,
поскоре́е,нареч.,,,та́гъддæр,,,,,,,,,,
"посла́нник, -а",,,,ми́нæвар,,,,,,,,,,
"посла́ть, пошлю́, пошлёшь",сов.,,,а́рвитын,,,,,,,,,,
после,,,1. нареч.,фæстǽдæр,,,,,,,,,,
,,,2. предлог,фæстǽ,,,,,,,,,,
"после́дний, -яя, -ее",,,,фæста́г,,,,,,,,,,
послеза́втра,нареч.,,,иннǽбон,,,,,,,,,,
"посло́вица, -ы",,,,æмби́сонд,,,,,,,,,,
"послу́шать, -аю, -аешь",сов.,,,ба́йхъусын,,,,,,,,,,
"послу́шный, -ая, -ое",,,,ко́ммæгæс,,,,,,,,,,
"послы́шаться,  1 и 2  л. нет, -слы́шится",сов.,,,æрба́йхъуысын,,,,,,,,,,
"посме́ть, -е́ю, -е́ешь",сов.,,,ба́уæндын ,,,,,,,,,,
,,,,ныфс ба́хæссын,,,,,,,,,,
"посмотре́ть, -смотрю́, -смо́тришь",сов.,,,а́кæсын ,,,,,,,,,,
,,,,ба́кæсын,,,,,,,,,,
"посове́товать, -тую, -туешь",сов.,,,ба́уынаффæ кæнын,,,,,,,,,,
"посове́товаться, -туюсь, -туешься",сов.,,,а́уынаффæ кæнын,,,,,,,,,,
"посо́л, -сла",,,,ми́нæвар,,,,,,,,,,
"поспо́рить, -рю, -ришь",сов.,,,фæбы́цæу уæвын,,,,,,,,,,
"посре́дственный, -ая, -ое",,,,рæстǽмбис,,,,,,,,,,
"пост1, -а́",,,,пост,,,,,,,,,,
,,,,бына́т,,,,,,,,,,
"пост2, -а́",рел.,,,ко́мдарæн,,,,,,,,,,
"постара́ться, -а́юсь, -а́ешься",сов.,,,ба́цархайын,,,,,,,,,,
"посте́ль, -и",,,,хуыссǽн,,,,,,,,,,
постепе́нно,нареч.,,,сындǽггай,,,,,,,,,,
"пости́ранный, -ая, -ое",,,,æхса́д,,,,,,,,,,
"постира́ть, -а́ю, -а́ешь",сов.,,,ныхсы́н,,,,,,,,,,
"пости́ться, пощу́сь, пости́шься","рел., несов.",,,ко́м дарын,,,,,,,,,,
"посторо́нний, -яя, -ее",,,,æцǽгæлон,,,,,,,,,,
постоя́нно,нареч.,,,æдзу́х ,,,,,,,,,,
,,,,и́удадзыг ,,,,,,,,,,
,,,,æдзу́хæй ,,,,,,,,,,
,,,,æппы́нæдзух,,,,,,,,,,
"постоя́нный, -ая, -ое",,,,и́удадзыгон,,,,,,,,,,
"постро́ить, -стро́ю, -стро́ишь",сов.,,1. (изготовить),са́разын ,,,,,,,,,,
,,,2. (возвести),са́майын,,,,,,,,,,
"постро́иться, -стро́юсь, -стро́ишься",сов.,,,а́рæзт æрцæуын,,,,,,,,,,
"посту́пок, -пка",,,,ми,,,,,,,,,,
"посу́да, -ы",,,,ми́гæнæнтæ,,,,,,,,,,
"посчита́ть, -а́ю, -а́ешь",сов.,,,ба́нымайын,,,,,,,,,,
"посыла́ть, -а́ю, -а́ешь",несов.,,,æрви́тын,,,,,,,,,,
"посы́пать, -плю, -плешь",сов.,,,ба́йзæрын,,,,,,,,,,
"пот, -а",,,,хид,,,,,,,,,,
"потанцева́ть, -цу́ю, -цу́ешь",сов.,,,фæка́фын,,,,,,,,,,
по-тво́ему,вводн. сл.,,,дæумǽ гæсгæ,,,,,,,,,,
"потере́ть, потру́, потрёшь",сов.,,,а́ууæрдын ,,,,,,,,,,
,,,,а́сæрфын,,,,,,,,,,
"потерпе́ть, -терплю́, -те́рпишь",сов.,,,ба́быхсын,,,,,,,,,,
"поте́рянный, -ая, -ое",,,,сæфт,,,,,,,,,,
"потеря́ть,  -я́ю, -я́ешь",сов.,,,фе́сафын,,,,,,,,,,
"поте́ть, -е́ю, -е́ешь",несов.,,,хи́д кæнын,,,,,,,,,,
"потоло́к, -лка",,,,цар,,,,,,,,,,
пото́м,нареч.,,1. (после чего-л.) ,уы́й фæстæ,,,,,,,,,,
,,,2. (позже),фæстǽдæр,,,,,,,,,,
"пото́мок, -мка",,,,фæста́гон ,,,,,,,,,,
,,,,ба́йзæддаг,,,,,,,,,,
"пото́мство, -а",,,,цот ,,,,,,,,,,
,,,,ба́йзæддæгтæ,,,,,,,,,,
потому́ что,союз,,,уы́мæн æмæ,,,,,,,,,,
"потре́бовать, -бую, -буешь",сов.,,,æрца́гурын ,,,,,,,,,,
,,,,æрдо́мын,,,,,,,,,,
"потяну́ть, -тяну́, -тя́нешь",сов.,,,а́йвазын,,,,,,,,,,
"похвала́, -ы́",,,,æппǽлд ,,,,,,,,,,
,,,,æппǽлæн ныхас,,,,,,,,,,
"похвали́ть, -хвалю́, -хва́лишь",сов.,,,ра́ппæлын,,,,,,,,,,
"похи́тить, -хи́щу, -хи́тишь",сов.,,,а́скъæфын,,,,,,,,,,
"похо́д, -а",,,1.,балц,,,,,,,,,,
,,,2. воен. ,стæр,,,,,,,,,,
"похо́жий, -ая, -ее",,,,æнгǽс ,,,,,,,,,,
,,,,хуызǽн,,,,,,,,,,
"по́хороны, похоро́н",тк. мн.,,,зиа́н,,,,,,,,,,
"по́чва, -ы",,,,мæр,,,,,,,,,,
,,,,сыджы́т,,,,,,,,,,
почему́,союз,,,цæмǽн  ,,,,,,,,,,
,,,,цæй ты́ххæй,,,,,,,,,,
"почёт, -а",,,,цыт,,,,,,,,,,
"почётный. -ая, -ое",,,,ка́дджын,,,,,,,,,,
"почита́ть, -а́ю, -а́ешь",сов.,,,ка́д кæнын,,,,,,,,,,
"по́чка1, -и",бот.,,,къуыба́р,,,,,,,,,,
"по́чка2, -и",анат.,,,уырг,,,,,,,,,,
"почтальо́н, -а",,,,по́стхæссæг,,,,,,,,,,
"почу́вствовать, -ствую, -ствуешь",сов.,,,ба́нкъарын,,,,,,,,,,
"пошатну́ться, -ну́сь, -нёшься",сов.,,,фæцу́дын,,,,,,,,,,
"пощу́пать, -аю, -аешь",сов.,,,а́сгарын,,,,,,,,,,
поэ́тому,,,1. союзн. сл.,уы́мæ гæсгæ ,,,,,,,,,,
,,,,уы́й тыххæй,,,,,,,,,,
,,,2. нареч.,уы́мæн,,,,,,,,,,
"появи́ться, -явлю́сь, -я́вишься",сов.,,,фæзы́нын,,,,,,,,,,
"появле́ние, -я",,,,фæзы́нд,,,,,,,,,,
"пра́вда1, -ы",тк. ед.,,,рæстдзи́над,,,,,,,,,,
,,,,раст,,,,,,,,,,
пра́вда2,вводн. сл.,,,æцǽг,,,,,,,,,,
,,,,ра́ст зæгъгæйæ,,,,,,,,,,
"пра́вило, -а",,,1. (норма),уа́гæвæрд,,,,,,,,,,
,,,2.,ра́иртæст,,,,,,,,,,
пра́вильно,нареч.,,,раст,,,,,,,,,,
"пра́вильный, -ая, -ое",,,,раст,,,,,,,,,,
"прави́тельственный, -ая, -ое",,,,хи́цауадон,,,,,,,,,,
"прави́тельство, -а",,,,хи́цауад,,,,,,,,,,
"пра́вить, -влю, -вишь",несов.,,,хи́цауиуæг кæнын,,,,,,,,,,
"пра́во, -а",,,,бар,,,,,,,,,,
"правово́й, -а́я, -о́е",,,,ба́радон,,,,,,,,,,
"пра́вый, -ая, -ое",,,,ра́хиз,,,,,,,,,,
"пра́здник, -а",,,,бæрǽгбон,,,,,,,,,,
"пра́здничный, -ая, -ое",,,,бæрǽгбоны,,,,,,,,,,
"превра́тить, -вращу́, -врати́шь",сов.,,,фе́стын кæнын,,,,,,,,,,
"преврати́ться, -вращу́сь, -врати́шься",сов.,,,фе́стын,,,,,,,,,,
"преда́ние, -я",,,,та́урæгъ,,,,,,,,,,
"пре́данный, -ая, -ое",,,,и́узæрдион,,,,,,,,,,
"предводи́тель, -я",,,,ра́здзог,,,,,,,,,,
"пре́дки, -ов",мн.ч. для  предок,,,фыдǽлтæ,,,,,,,,,,
"предложе́ние1, -я",(пожелание),,,фæндо́н,,,,,,,,,,
"предложе́ние2, -я",лингв.,,,хъуыды́йад,,,,,,,,,,
"предполага́ть, -а́ю, -а́ешь",несов.,,,æнхъǽл уæвын,,,,,,,,,,
"предприя́тие, -я",,,,куыстуа́т,,,,,,,,,,
"председа́тель, -я",,,,сæрда́р,,,,,,,,,,
"представи́тель, -я",,,,ми́нæвар,,,,,,,,,,
"представи́тельный, -ая, -ое",,,,уындджы́н,,,,,,,,,,
пре́жде,,,1. нареч.,ра́здæр,,,,,,,,,,
,,,2. предлог,ра́змæ,,,,,,,,,,
,,,,ра́зæй,,,,,,,,,,
"преобразова́ние, -я",,,,ра́царæзт,,,,,,,,,,
"прерва́ть, -рву́, -рвёшь",сов.,,,а́скъуынын,,,,,,,,,,
"прерва́ться, -рву́сь, -рвёшься",сов.,,,а́скъуыйын,,,,,,,,,,
"приба́вить, -влю, -вишь",сов.,,,ба́фтауын,,,,,,,,,,
"прибавля́ть, -я́ю, -я́ешь",несов.,,,æфта́уын,,,,,,,,,,
"приближа́ться, -жа́юсь, -жа́ешься",несов.,,,фæхǽццæ кæнын ,,,,,,,,,,
,,,,хæстǽгдæр кæнын,,,,,,,,,,
"прибли́зить, -бли́жу, -бли́зишь",сов.,,,фæхǽстæгдæр кæнын,,,,,,,,,,
"приблизиться, -бли́жусь, -бли́зишься",сов.,,,æрба́хæстæг уæвын ,,,,,,,,,,
,,,,фæхǽстæгдæр уæвын,,,,,,,,,,
"приве́т, -а",,,,сала́м,,,,,,,,,,
"привы́кнуть, -ну, -нешь",сов.,,,са́хуыр уæвын,,,,,,,,,,
"привы́чка, -и",,,,а́хуыр,,,,,,,,,,
"привя́занность, -и",,,,æну́выддзинад ,,,,,,,,,,
"пригласи́ть, -глашу́, -гласи́шь",сов.,,,фæхо́нын,,,,,,,,,,
"приглаша́ть, -а́ю, -а́ешь",несов.,,,хо́нын,,,,,,,,,,
"приглаше́ние, -я",,,,хуынд,,,,,,,,,,
"приго́дный, -ая, -ое",,,,бæззо́н ,,,,,,,,,,
,,,,бæзгǽ,,,,,,,,,,
"приго́рок, -рка",,,,къуылды́м,,,,,,,,,,
"пригре́ть, -гре́ю, -гре́ешь",сов.,,,ба́тавын,,,,,,,,,,
,(о солнце),,,æрǽндавын,,,,,,,,,,
"придави́ть, -давлю́, -да́вишь",сов.,,,нылхъи́вын,,,,,,,,,,
"приду́мать, -аю, -аешь",сов.,,,æрхъуы́ды кæнын,,,,,,,,,,
"призва́ть, -зову́, -зовёшь",сов.,,,фæси́дын ,,,,,,,,,,
,,,,æрси́дын,,,,,,,,,,
"призе́мистый, -ая, -ое",,,,ныллǽггомау,,,,,,,,,,
"при́знак, -а",,,,æууǽл ,,,,,,,,,,
,,,,ми́ниуæг,,,,,,,,,,
"при́зрак, -а",,,,æндǽрг,,,,,,,,,,
"призыва́ть, -а́ю, -а́ешь",несов.,,,си́дын,,,,,,,,,,
"прика́з, -а",,,,ба́рдзырд,,,,,,,,,,
"приказа́ть, -кажу́, -ка́жешь",сов.,,,ба́рдзырд раттын,,,,,,,,,,
"прика́зывать, -аю, -аешь",несов.,,,ба́рдзырд дæттын,,,,,,,,,,
"прикле́енный, -ая, -ое",,,,ныхǽст,,,,,,,,,,
"прикле́ить, -кле́ю, -кле́ишь",сов.,,,ба́ныхасын,,,,,,,,,,
,,,,ба́ндадзын,,,,,,,,,,
"прикле́иться, -кле́юсь, -кле́ишься",сов. ,,,ба́ныхæсын,,,,,,,,,,
,,,,ба́ндæдзын,,,,,,,,,,
"прилага́тельное, -ого",лингв.,,,ми́ногон,,,,,,,,,,
"приле́жный, -ая, -ое",,,,æнǽзивæг,,,,,,,,,,
"приле́чь, -ля́гу, -ля́жешь",сов.,,,æрхуы́ссын,,,,,,,,,,
"прили́чный, -ая, -ое",,,,а́ккаг,,,,,,,,,,
"приме́р, -а",,,1. (образец),дæнцǽг,,,,,,,,,,
,,,2. матем.,ныма́инаг,,,,,,,,,,
"приме́рный, -ая, -ое",,,,фæзми́наг,,,,,,,,,,
"приме́тить, -ме́чу, -ме́тишь",сов.,,,фæко́мкоммæ уæвын,,,,,,,,,,
"приме́чание, -я",,,,фи́ппаинаг,,,,,,,,,,
"примире́ние, -я",,,,фи́дыд,,,,,,,,,,
"примири́ться, -рю́сь, -ри́шься",сов.,,,ба́фидауын,,,,,,,,,,
"примиря́ть, -я́ю, -я́ешь",несов. ,,,фи́дауын кæнын,,,,,,,,,,
"примиря́ться, -я́юсь, -я́ешься",несов.,,,фи́дауын,,,,,,,,,,
"принести́, -несу́, несёшь",сов.,,,æрба́хæссын,,,,,,,,,,
"приподня́ть, -ниму́, -ни́мешь",сов.,,,схǽцын,,,,,,,,,,
"приро́да, -ы",,,,æрдз,,,,,,,,,,
"приро́дный, -ая, -ое",,,,æрдзо́н,,,,,,,,,,
"природове́дение, -я",,,,æрдззо́нынад,,,,,,,,,,
"присво́ить, -сво́ю, -сво́ишь",сов.,,,хи́ бакæнын,,,,,,,,,,
"присе́сть, -ся́ду, -ся́дешь",сов.,,,æрба́дын,,,,,,,,,,
"присни́ться, -сню́сь, -сни́шься",сов.,,,фыны́ фенын,,,,,,,,,,
"приспособле́ние, -я",,,,фæрǽз,,,,,,,,,,
"приста́вка, -и",лингв.,,,ра́зæфтуан,,,,,,,,,,
при́стально,нареч.,,,æдзы́нæг,,,,,,,,,,
"притворя́ться, -я́юсь, -я́ешься",несов.,,,æфсо́н кæнын,,,,,,,,,,
"притесня́ть, -я́ю, -я́ешь",несов.,,,тых кǽнын,,,,,,,,,,
"притя́гивать, -аю, -аешь",несов.,,,æлва́сын,,,,,,,,,,
"приучи́ть, -учу́, -у́чишь",сов.,,,фæца́лх кæнын ,,,,,,,,,,
,,,,фæца́хуыр кæнын,,,,,,,,,,
"причи́на, -ы",,,,а́ххос ,,,,,,,,,,
,,,,а́ххосаг,,,,,,,,,,
"причита́ть, -а́ю, -а́ешь",несов.,,,хъа́рæг кæнын,,,,,,,,,,
"прия́тель, -я",,,,лымǽн ,,,,,,,,,,
,,,,хæла́р,,,,,,,,,,
прия́тно,нареч.,,,æхсы́згон,,,,,,,,,,
"прия́тный, -ая, -ое",,,,æхсы́згон,,,,,,,,,,
,,,,æхцо́н,,,,,,,,,,
,,,,зæрдǽмæдзæугæ,,,,,,,,,,
про себя,(в уме),,,хи́нымæр,,,,,,,,,,
"про́бовать, -бую, -буешь",несов.,,1.,фæлва́рын,,,,,,,,,,
,,,2. (отведывать),а́ходын,,,,,,,,,,
"прова́ливаться, -аюсь, -аешься",несов.,,,ха́уын,,,,,,,,,,
"провали́ться, -валю́сь, -ва́лишься",сов.,,,ныхха́уын,,,,,,,,,,
"провести́, -веду́, -ведёшь",сов.,,1. (о времени) ,а́рвитын,,,,,,,,,,
,,,2. (довести кого-л.),а́хæццæ кæнын,,,,,,,,,,
,,,3.  разг. (обмануть) ,хи́нæй рацæуын,,,,,,,,,,
"проводи́ть, -во́жу, -во́дишь",несов. ,,1. (о времени),æрви́тын,,,,,,,,,,
,сов. ,,2. (довести  кого-л.) ,ба́хæццæ кæнын,,,,,,,,,,
"провожа́ть, -а́ю, -а́ешь",несов.,,,хæццǽ кæнын,,,,,,,,,,
"про́волока, -и",,,,тел,,,,,,,,,,
"прогна́ть, -гоню́, -го́нишь",сов.,,,а́сурын,,,,,,,,,,
"проголода́ться, -а́юсь, -а́ешься",сов.,,,сǽххормаг уæвын,,,,,,,,,,
"проголосова́ть, -су́ю, -су́ешь",сов.,,,схъǽлæс кæнын,,,,,,,,,,
"прогоня́ть, -я́ю, -я́ешь",несов.,,,су́рын,,,,,,,,,,
"прогреме́ть, -млю́, -ми́шь",сов.,,,а́нæрын,,,,,,,,,,
"продава́ть, -даю́, -даёшь",несов.,,,уæй кǽнын,,,,,,,,,,
"продаве́ц, -вца",,,,уæйгǽнæг,,,,,,,,,,
"прода́жа, -и",,,,уæй,,,,,,,,,,
"прода́ть, -да́м, -да́шь",сов.,,,а́уæй кæнын,,,,,,,,,,
"продли́ться, -длю́сь, -дли́шься",сов.,,,а́хæссын,,,,,,,,,,
"продо́лжить, -жу, -жишь",сов.,,,а́хæццæ кæнын ,,,,,,,,,,
,,,,а́дарддæр кæнын,,,,,,,,,,
"продро́гнуть, -ну, -нешь",сов.,,,суа́зал уæвын,,,,,,,,,,
"прожи́ть, -живу́, -живёшь",сов.,,,фæцǽрын,,,,,,,,,,
"про́звище, -а",,,,фæсно́мыг,,,,,,,,,,
"прозвуча́ть, -чу́, -чи́шь",сов.,,,а́йзæлын,,,,,,,,,,
"прозра́чный, -ая, -ое",,,,рæсу́г,,,,,,,,,,
"проигра́ть, -а́ю, -а́ешь",сов.,,,фæхǽрд уæвын,,,,,,,,,,
"прои́грывать, -аю, -аешь",несов.,,,хæрд кǽнын,,,,,,,,,,
"произведе́ние, -я",,,,уа́цмыс,,,,,,,,,,
"происхожде́ние, -я",,,,ра́взæрд,,,,,,,,,,
"пройти́, пройду́, пройдёшь",сов.,,1. (о времени),а́ивгъуыйын,,,,,,,,,,
,,,2. (переместиться),а́хизын,,,,,,,,,,
"прокра́сться, -краду́сь, -крадёшься",сов.,,,ба́хъуызын,,,,,,,,,,
"пропада́ть, -а́ю, -а́ешь",несов.,,,сǽфын,,,,,,,,,,
"про́пасть, -и",,,,сæрсǽфæн,,,,,,,,,,
"пропа́сть, -паду́, -падёшь",сов.,,,фе́сæфын,,,,,,,,,,
"прополоска́ть, .-а́ю, -а́ешь",сов.,,,ра́нхъæвзын,,,,,,,,,,
"пропорциона́льный, -ая, -ое",,,,пропорциона́лон,,,,,,,,,,
"пропуска́ть, -а́ю, -а́ешь",несов.,,,уа́дзын,,,,,,,,,,
"пропусти́ть, -пущу́, -пу́стишь",сов.,,1. (кого-л.),а́уадзын,,,,,,,,,,
,,,2. (что-л.),фæуа́дзын,,,,,,,,,,
"просвети́тель, -я",,,,ру́хстауæг,,,,,,,,,,
"просвети́тельский, -ая, -ое",,,,ру́хстауæн,,,,,,,,,,
"проси́тель, -я",,,,ку́рæг,,,,,,,,,,
"проси́ть, прошу́, про́сишь",несов.,,,ку́рын,,,,,,,,,,
"просну́ться, -ну́сь, -нёшься",сов.,,,ра́йхъал уæвын,,,,,,,,,,
"про́со, -а",,,,еуу,,,,,,,,,,
просочи́ться,сов.,,1. (вовнутрь),ба́хъарын,,,,,,,,,,
,,,2. (наружу) ,ра́хъарын,,,,,,,,,,
"прости́ть, прощу́, простишь",сов.,,,ныхха́тыр кæнын,,,,,,,,,,
"просто́й, -а́я, -о́е",,,,хуымǽтæг ,,,,,,,,,,
,,,,хуымǽтæджы,,,,,,,,,,
"просто́рный, -ая, -ое",,,,пара́хат,,,,,,,,,,
,,,,уæрǽх,,,,,,,,,,
"простра́нство, -а",,,,тыгъда́д,,,,,,,,,,
"про́сьба, -ы",,,,ку́рдиат,,,,,,,,,,
"проти́вник, -а",,,,ныхмǽлæууæг,,,,,,,,,,
"противопоставле́ние, -я",,,,ныхмǽвæрддзинад,,,,,,,,,,
"профе́ссия, -и",,,,профе́сси ,,,,,,,,,,
,,,,дæсны́йад,,,,,,,,,,
"прохла́да, -ы",,,,са́тæг,,,,,,,,,,
"прохла́дный, -ая, -ое",,,,са́тæг,,,,,,,,,,
"прочита́ть, -а́ю, -а́ешь",сов.,,,ба́кæсын,,,,,,,,,,
прочь,межд.,,,и́уварс ,,,,,,,,,,
,,,,æддǽмæ,,,,,,,,,,
"проше́дший, -ая, -ее",,,,и́вгъуыд,,,,,,,,,,
"прошлого́дний, -яя, -ее",,,,фа́роны ,,,,,,,,,,
"про́шлое, -го",,,,и́вгъуыд,,,,,,,,,,
"про́шлый, -ая, ое",,,,и́вгъуыд,,,,,,,,,,
"проща́ть, -а́ю, -а́ешь",несов.,,,хаты́р кæнын,,,,,,,,,,
"проще́ние, -я",,,,хаты́р,,,,,,,,,,
"прояви́ться, -явлю́сь, -я́вишься",сов.,,,сбǽрæг уæвын,,,,,,,,,,
"пры́гать, -аю, -аешь",несов.,,,гæпп кǽнын,,,,,,,,,,
"прыжо́к, -жка",,,,гæпп,,,,,,,,,,
пря́мо,нареч.,,,ко́мкоммæ,,,,,,,,,,
,,,,æмра́ст,,,,,,,,,,
"прямо́й, -а́я, -о́е",,,,раст,,,,,,,,,,
"прямоуго́льник, -а",матем.,,,ра́сткъуымæг,,,,,,,,,,
"прямоуго́льный, -ая, -ое",,,,ра́сткъуымон,,,,,,,,,,
"прясть, пряду́, прядёшь",несов.,,,æлви́сын,,,,,,,,,,
"пря́тать, пря́чу, пря́чешь",несов.,,,æмбǽхсын,,,,,,,,,,
"пря́таться, пря́чусь, пря́чешься",несов.,,,æмбǽхсын ,,,,,,,,,,
"пря́тки, -ток",тк. мн.,,,æмбǽхсынтæ,,,,,,,,,,
"пти́ца, -ы",,,,маргъ ,,,,,,,,,,
"пуга́ть, -а́ю, -а́ешь",несов.,,,тæрсы́н кæнын,,,,,,,,,,
"пу́говица, -ы",,,,цæппǽр ,,,,,,,,,,
,,,,цæппу́зыр,,,,,,,,,,
"пу́ля, -и",,,,нæмы́г,,,,,,,,,,
,,,,то́ппы нæмыг,,,,,,,,,,
"пусто́й, -а́я, -о́е",,,,а́фтид,,,,,,,,,,
"пусты́нный, -ая, ое",,,,быгъдǽг,,,,,,,,,,
"путеше́ственник, -а",,,,бæлццо́н,,,,,,,,,,
"путеше́ствие, -я",,,,балц,,,,,,,,,,
"пу́тник, -а",,,,фæнда́ггон,,,,,,,,,,
"пуши́стый, -ая, -ое",,,,хæмпу́с,,,,,,,,,,
"пу́шка, -и",,,,сарма́дзан,,,,,,,,,,
"пчела́, -ы́",,,,мыды́бындз,,,,,,,,,,
"пшени́ца, -ы",,,,мæнǽу,,,,,,,,,,
"пылесо́с, -а",,,,рыгцъи́рæн,,,,,,,,,,
"пыль, -и",,,,рыг,,,,,,,,,,
"пятна́дцать, -ти",числит.,,,фынддǽс,,,,,,,,,,
"пя́тница, -ы",,,,ма́йрæмбон,,,,,,,,,,
"пять, -ти́",числит.,,,фондз,,,,,,,,,,
"пятьсо́т, пятисо́т",числит.,,,фо́ндзсæдæ,,,,,,,,,,
"раб, -а́",,,,цагъа́йраг,,,,,,,,,,
"рабо́та, -ы",,,,куыст,,,,,,,,,,
"рабо́тать, -аю, -аешь",несов.,,,ку́сын,,,,,,,,,,
"работя́щий, -ая, -ее",,,,ку́саг,,,,,,,,,,
"рабо́чий1, -его",,,,ку́сæг,,,,,,,,,,
"рабочий2, -ая, -ее",,,,ку́сæн,,,,,,,,,,
,,,,ку́сæг,,,,,,,,,,
"ра́бский, -ая, -ое",,,,цагъа́йраг,,,,,,,,,,
,,,,цагъа́йраджы,,,,,,,,,,
"равни́на, -ы",,,,быды́р,,,,,,,,,,
равно́,матем.,,,æмбǽрц у,,,,,,,,,,
"равнопра́вие, -я",,,,æмба́рад,,,,,,,,,,
"равный, -ая, -ое",,,1. (по количеству),æмбǽрц,,,,,,,,,,
,,,2. (по положению),æмсǽр,,,,,,,,,,
,,,3. (по величине),æми́ас,,,,,,,,,,
,,,,æмхуы́зон,,,,,,,,,,
рагу́,,,,лывзǽ,,,,,,,,,,
ра́ди,предлог,,,тыххǽй,,,,,,,,,,
"ра́доваться, -дуюсь, -дуешься",несов.,,,ци́н кæнын,,,,,,,,,,
"ра́дость, -и",,,,цин,,,,,,,,,,
"ра́дуга, -и",,,,а́рвæрдын,,,,,,,,,,
"раз, -а",,,,хатт,,,,,,,,,,
"разбива́ть, -а́ю, -а́ешь",несов.,,,сæтты́н,,,,,,,,,,
"разбира́ть, -а́ю, -а́ешь",,,1. (анализировать),æвза́рын,,,,,,,,,,
,,,2. (на части),ха́лын,,,,,,,,,,
"разби́ть, разобью́, разобьёшь",сов.,,,а́сæттын,,,,,,,,,,
"разби́ться, разобью́сь, разобьёшься",сов.,,,а́сæттын,,,,,,,,,,
"разбра́сывать, -аю, -аешь",несов.,,,ка́лын,,,,,,,,,,
"разбудит́ь, -бужу́, -бу́дишь",сов.,,,ра́йхъал кæнын,,,,,,,,,,
"разве́ваться, -а́юсь, -а́ешься",несов.,,,фæйла́уын,,,,,,,,,,
"разве́дать, -аю, -аешь",сов.,,,ба́сгарын,,,,,,,,,,
"разве́дчик, -а",воен.,,,сга́рæг,,,,,,,,,,
"разве́дывать, -аю, -аешь",несов.,,,сга́рын,,,,,,,,,,
"разверну́ть, -ну́, -нёшь",сов.,,,ра́йхалын,,,,,,,,,,
"развива́ть, -а́ю, -а́ешь",несов.,,,рǽзын кæнын,,,,,,,,,,
"разви́тие, -я",,,,ра́йрæзт,,,,,,,,,,
"развлека́тельный, -ая, -ое",,,,хи́ирхæфсæн,,,,,,,,,,
"развлека́ть, -а́ю, -а́ешь",несов.,,,и́рхæфсын,,,,,,,,,,
"развле́каться, -а́юсь, -а́ешься",несов.,,,хи́ ирхæфсын,,,,,,,,,,
"развлечение, -я",,,,и́рхæфсæн,,,,,,,,,,
"развора́чивать, -аю, -аешь",несов.,,1. (раскрывать),ха́лын,,,,,,,,,,
,,,2. (распространять) ,пара́хат кæнын,,,,,,,,,,
"разгроми́ть, -млю́, -ми́шь",сов.,,,ныддǽрæн кæнын,,,,,,,,,,
"разгро́мленный, -ая, -ое",,,,дæрǽнгонд,,,,,,,,,,
"раздава́ть, -даю́, -даёшь",несов.,,,уа́рын,,,,,,,,,,
"разда́ть, -да́м, -да́шь",сов.,,,ба́йуарын,,,,,,,,,,
"разда́ться,  1 и 2 л. нет,  -да́стся",(о звуке),,,а́йхъуысын,,,,,,,,,,
"раздева́ться, -а́юсь, -а́ешься",несов.,,,да́рæс ласын,,,,,,,,,,
"разделя́ть, -я́ю, -я́ешь",несов.,,,ди́х кæнын,,,,,,,,,,
"разде́тый, -ая, -ое",,,,бæгънǽг,,,,,,,,,,
"разли́вшийся, -шаяся, -шееся",,,,и́вылд,,,,,,,,,,
"разли́ться, разолью́сь, разольёшься",сов. (о реке) ,,,ра́ивылын,,,,,,,,,,
"различа́ть, -а́ю, -а́ешь",несов.,,,и́ртасын,,,,,,,,,,
разносторо́нне,нареч.,,,а́лывæрсыгæй,,,,,,,,,,
"разносторо́нний, -яя, -ее",,,,а́лывæрсыг,,,,,,,,,,
"разноцве́тный, -ая, -ое",,,,а́лыхуызон ,,,,,,,,,,
,,,,хъу́лон,,,,,,,,,,
"ра́зный, -ая, -ое",,,,а́лы ,,,,,,,,,,
,,,,а́лыхуызон,,,,,,,,,,
"разобра́ть, разберу́, разберёшь",сов.,,1. (проанализировать) ,ра́взарын,,,,,,,,,,
,,,2. (на части) ,ра́йхалын,,,,,,,,,,
"разорва́ть, -ву́, -вёшь",сов.,,,а́скъуынын,,,,,,,,,,
"разре́занный, -ая, -ое",,,,лыг ,,,,,,,,,,
,,,,лыгго́нд,,,,,,,,,,
"разреша́ть, -а́ю, -а́ешь",несов.,,,ба́р дæттын,,,,,,,,,,
"разрешение, -я",,,,бар,,,,,,,,,,
"разреши́ть, -шу́, -ши́шь",сов.,,,ба́р раттын,,,,,,,,,,
"разруша́ть, -а́ю, -а́ешь",несов.,,,ха́лын,,,,,,,,,,
"разруша́ться, -а́юсь, -а́ешься",несов.,,,хǽлын,,,,,,,,,,
"разру́шенный, -ая, -ое",,,,хæлд,,,,,,,,,,
"разру́шить, -шу, -шишь",сов.,,,фе́халын,,,,,,,,,,
"разру́шиться, -шусь, -шишься",сов.,,,фе́хæлын,,,,,,,,,,
разуме́ется,вводн. сл.,,,кæй зǽгъын æй хъæуы ,,,,,,,,,,
,,,,бæгуы́дæр,,,,,,,,,,
"рай, -я",рел.,,,дзæнǽт,,,,,,,,,,
"ра́йский, -ая, -ое",,,,дзæнǽтон,,,,,,,,,,
"рак, -а",зоол.,,,мыдзбы́р,,,,,,,,,,
ра́но,,,1. в функц. сказ.,ра́джы у,,,,,,,,,,
,,,2. нареч.,ра́джы ,,,,,,,,,,
ра́ньше,нареч.,,,ра́здæр,,,,,,,,,,
"раска́чиваться, -аюсь, -аешься",несов.,,,хъе́ллау кæнын,,,,,,,,,,
"раски́дистый, -ая, -ое",,,,пæлǽхсар,,,,,,,,,,
"раски́нуть, -ну, -нешь",сов.,,,а́йтындзын,,,,,,,,,,
"раски́нуться, -нусь, -нешься",сов.,,,а́йтындзын,,,,,,,,,,
"распеча́тать, -аю, -аешь",сов.,,,ра́мыхуыр кæнын,,,,,,,,,,
"распла́вить, -влю, -вишь",сов.,,,ба́тайын кæнын,,,,,,,,,,
"распла́виться, -влюсь, -вишься",сов.,,,ба́тайын,,,,,,,,,,
"расположе́ние, -я",,,,ра́вæрд ,,,,,,,,,,
,,,,бына́т,,,,,,,,,,
"расположи́ться, ложу́сь, -ло́жишься",сов.,,,æрбы́нат кæнын,,,,,,,,,,
"распоряди́тель, -я",,,,уына́ффæгæнæг,,,,,,,,,,
"распоря́док, -дка",,,,фæтк,,,,,,,,,,
"распространённый, -ая, -ое",,,,пара́хат,,,,,,,,,,
"распространи́ть, -ню́, -ни́шь",сов.,,,а́парахат кæнын,,,,,,,,,,
"распространи́ться, -ню́сь, -ни́шься",сов.,,,а́парахат уæвын ,,,,,,,,,,
,,,,а́хæлиу уæвын,,,,,,,,,,
"распространять(ся), -я́ю(сь), -я́ешь(ся)",несов.,,,пара́хат кæнын,,,,,,,,,,
"рассве́т, -а",,,,бо́ныцъæхтæ,,,,,,,,,,
"рассерди́ться, -сержу́сь, -се́рдишься",сов.,,,смǽсты уæвын,,,,,,,,,,
"расска́з, -а",,,,ра́дзырд,,,,,,,,,,
"расска́зывать, -аю, -аешь",несов.,,,дзу́рын,,,,,,,,,,
"рассмотре́ть, -смотрю́, -смо́тришь",сов.,,,æркǽсын,,,,,,,,,,
"рассо́л, -а",,,,цæхдо́н,,,,,,,,,,
"расстёгивать, -аю, -аешь",несов.,,,æфта́уын,,,,,,,,,,
"расстоя́ние, -я",,,,дæрддзǽг,,,,,,,,,,
"раста́ять, -а́ю, -а́ешь",сов.,,,а́тайын,,,,,,,,,,
"расте́ние, -я",,,,за́йæгой,,,,,,,,,,
расте́рянно,нареч.,,,джи́хæй,,,,,,,,,,
"расти́, -ту́, -тёшь",несов.,,1. (что-л.),за́йын,,,,,,,,,,
,,,2. (кто-л.),рǽзын,,,,,,,,,,
"расти́ть, ращу́, расти́шь",несов.,,1. (что-л.),за́йын кæнын,,,,,,,,,,
,,,2. (кого-л.) ,хъо́мыл кæнын,,,,,,,,,,
"расторо́пный, -ая, -ое",,,,сæрǽн,,,,,,,,,,
"растяну́ть, -тяну́, -тя́нешь",сов.,,,а́йтындзын,,,,,,,,,,
"расхо́д, -а",,,,хардз,,,,,,,,,,
"расхо́довать, -дую, -дуешь",несов.,,,ха́рдз кæнын,,,,,,,,,,
"расчеса́ть, -чешу́, -че́шешь",сов.,,,ныффа́сын,,,,,,,,,,
"расчёска, -и",,,,сæрва́сæн,,,,,,,,,,
"расчёсывать, -аю, -аешь",несов.,,,фа́сын,,,,,,,,,,
"расшевели́ть, -лю́, -ли́шь",сов.,,,ба́змæлын кæнын,,,,,,,,,,
"расши́рить, -рю, -ришь",сов.,,,фæуǽрæхдæр кæнын,,,,,,,,,,
"расширя́ть, -я́ю, -я́ешь",несов.,,,уæрǽхдæр кæнын,,,,,,,,,,
"рва́ный, -ая, -ое",,,,скъуыд,,,,,,,,,,
"рвать, рву, -рвёшь",несов.,,,скъуы́нын,,,,,,,,,,
"рва́ться, -рвусь, рвёшься",несов.,,,скъуы́йын,,,,,,,,,,
"реа́льность, -и",,,,æцǽгдзинад,,,,,,,,,,
"ребёнок, -нка",,,,сывǽллон,,,,,,,,,,
"реди́с, -а",бот.,,,мæймǽбулкъ,,,,,,,,,,
"ре́дька, -и",бот.,,,булкъ,,,,,,,,,,
"ре́зать, ре́жу, ре́жешь",несов.,,,лыг кǽнын,,,,,,,,,,
"ре́зкий, -ая, -ое",,,,сонт,,,,,,,,,,
"результа́т, -а",,,,фæсти́уæг,,,,,,,,,,
"река́, -и́",,,,цæугǽдон,,,,,,,,,,
"рели́гия, -и",,,,дин,,,,,,,,,,
"реме́нь, -мня́",,,,рон,,,,,,,,,,
"реме́сленник, -а",,,,æрмдǽсны,,,,,,,,,,
"ремонт, -а",,,,ца́лцæг,,,,,,,,,,
"ремонти́ровать, -рую, -руешь",несов.,,,ца́лцæг кæнын,,,,,,,,,,
"ресни́ца, -ы",,,,цæсты́хау,,,,,,,,,,
"речь, -и",,,,ныха́с,,,,,,,,,,
"реша́ть, -а́ю, -а́ешь",несов.,,1. (вопрос),лыг кǽнын,,,,,,,,,,
,,,2. матем. ,бæрǽг кæнын,,,,,,,,,,
"реше́ние, -я",,,1.,уына́ффæ,,,,,,,,,,
,,,2. матем.,сконд,,,,,,,,,,
"ри́млянин, -а",,,,ро́маг,,,,,,,,,,
"ри́мский, -ая, -ое",,,,ро́маг,,,,,,,,,,
"рис, -а",,,,пыры́ндз,,,,,,,,,,
"рисова́ние, -я",,,,нывкǽнынад,,,,,,,,,,
"рисова́ть, -су́ю, -су́ешь",несов.,,,ныв кǽнын,,,,,,,,,,
"рове́сник, -а",,,,æмга́р,,,,,,,,,,
"рог, -а",,,,сыкъа́,,,,,,,,,,
"Ро́дина, -ы",,,,Ра́йгуырæн бæстæ,,,,,,,,,,
"роди́тель, -я",,,,ныййа́рæг,,,,,,,,,,
роди́тельный: падеж,,,,гуыры́нон хауæн,,,,,,,,,,
"роди́ться, рожу́сь, роди́шься",сов.,,,ра́йгуырын,,,,,,,,,,
"родни́к, -а́",,,,суа́дон,,,,,,,,,,
"родно́й, -ая, ое",,,1. (язык),ма́дæлон,,,,,,,,,,
,,,2. (близкий) ,хи́он,,,,,,,,,,
"ро́дственник, -а",,,,хи́он ,,,,,,,,,,
,,,,хæстǽг,,,,,,,,,,
"родство́, -а́",,,,хæстǽгдзинад,,,,,,,,,,
"рожда́ться, -а́юсь, -а́ешься",несов.,,,гуы́рын,,,,,,,,,,
"Рождество́, -а",рел.,,,Цыппу́рс,,,,,,,,,,
"ро́за, -ы",,,,уа́рди,,,,,,,,,,
"роль, -и",театр.,,1. театр.,роль,,,,,,,,,,
,,,2. (значение),а́хадындзинад,,,,,,,,,,
"роса́, -ы́",,,,æртǽх,,,,,,,,,,
"росси́йский, -ая, -ое",,,,Уæрǽсейы,,,,,,,,,,
"россия́нин, -а",,,,уæрǽсейаг,,,,,,,,,,
"рост, -а",,,1. (процесс роста),рæзт,,,,,,,,,,
,,,2. (высота),ас,,,,,,,,,,
"росто́к, -тка́",,,,æвза́р,,,,,,,,,,
"рот, рта",,,,дзых,,,,,,,,,,
"ротозе́й, -я",разг.,,,хæли́удзых,,,,,,,,,,
"ро́ща, -и",,,,къох,,,,,,,,,,
"руба́шка, -и",,,,хæдо́н,,,,,,,,,,
"руби́ть, рублю́, ру́бишь",,,1. (разрубать на части),сæтты́н,,,,,,,,,,
,,,2. (срубать) ,ка́лын,,,,,,,,,,
"рубль, -я́",,,,сом,,,,,,,,,,
"руга́ть, -а́ю, -а́ешь",несов.,,,хыл кǽнын,,,,,,,,,,
"ру́да, -ы́",,,,æрзǽт,,,,,,,,,,
"рудни́к, -а́",,,,æрзǽткъахæн,,,,,,,,,,
"ружьё, -я́",,,,топп,,,,,,,,,,
"руи́ны, руи́н",тк. мн.,,,хǽлддзаг,,,,,,,,,,
"рука́, -и́",,,,къух,,,,,,,,,,
"рука́в, -а́",,,,дыс,,,,,,,,,,
"руководи́тель, -я",,,,ра́замонæг,,,,,,,,,,
"руководи́ть, -вожу́, -води́шь",несов.,,,ра́замынд дæттын,,,,,,,,,,
"руково́дство, -а",,,,ра́замынд,,,,,,,,,,
,,,,хи́цаудзинад,,,,,,,,,,
"ру́копись, -и",,,,къу́хфыст,,,,,,,,,,
"ру́сский1, -ого",,,,уыры́ссаг,,,,,,,,,,
"ру́сский2, -ая, ое",,,,уыры́ссаг,,,,,,,,,,
"ручно́й, -а́я, -о́е",,,1. (приручённый),æрма́хуыр,,,,,,,,,,
,,,2. (сделан. вручную),къу́хæй конд,,,,,,,,,,
"ры́ба,- ы",,,,кæса́г,,,,,,,,,,
"рыба́к, -а́",,,,кæса́гахсæг,,,,,,,,,,
"рыда́ть, -а́ю, -а́ешь",несов.,,,æрди́аг кæнын,,,,,,,,,,
"ры́жий, -ая, -ее",,,,бу́рдзалыг,,,,,,,,,,
"рысь, -и",зоол.,,,стай,,,,,,,,,,
"рыть, ро́ю, ро́ешь",несов.,,,къа́хын,,,,,,,,,,
"ры́хлый, -ая, -ое",,,,хыры́з,,,,,,,,,,
"ряби́на, -ы",бот.,,,цъуй,,,,,,,,,,
ря́дом,предлог,,,цур ,,,,,,,,,,
,,,,фа́рсмæ,,,,,,,,,,
с,предлог,,,æд,,,,,,,,,,
"сад, -а",,,,дыргъдо́н,,,,,,,,,,
"сади́ться, сажу́сь, сади́шься",несов.,,1.,ба́дын,,,,,,,,,,
,,,2. (о солнце) ,ныгуы́лын,,,,,,,,,,
сажа́ть,несов.,,1. (о растениях) ,са́дзын,,,,,,,,,,
,,,2. (располагать) ,ба́дын кæнын,,,,,,,,,,
"са́женец, -нца",,,,та́ла,,,,,,,,,,
сам,местоим.,,,-хǽдæг ,,,,,,,,,,
са́ми,местоим.,,,-хǽдæг,,,,,,,,,,
"саме́ц, -мца́",биол.,,,нæл,,,,,,,,,,
"са́мка, -и",биол.,,,сыл,,,,,,,,,,
"самобы́тный, -ая, ое",,,,хæдбы́ндур,,,,,,,,,,
"самоде́льный, -ая, -ое",,,,хи́конд,,,,,,,,,,
"самоде́ятельность, -и",,,,хи́хъæппæрисад,,,,,,,,,,
"самоде́ятельный, -ая, -ое",,,,хи́хъæппæрисадон,,,,,,,,,,
"самолёт, -а",,,,хæдтǽхæг,,,,,,,,,,
"самосозна́ние, -я",,,,хи́æмбарынад,,,,,,,,,,
самостоя́тельно,нареч.,,,хи́барæй,,,,,,,,,,
"самоу́чка, -и",разг.,,,хæда́хуыр,,,,,,,,,,
"са́мый, -ая, ое",,,,æппǽты,,,,,,,,,,
"са́ни, сане́й",тк. мн.,,,дзо́ныгъ,,,,,,,,,,
"сарма́т, -а",,,,сæрмǽтаг,,,,,,,,,,
"сарма́тский, -ая, -ое",,,,сæрмǽтаг,,,,,,,,,,
"са́хар, -а",,,,сæкǽр,,,,,,,,,,
"сбить, собью́, собьёшь",сов.,,,æрǽппарын,,,,,,,,,,
"сбо́рник, -а",,,,æмбы́рдгонд,,,,,,,,,,
"сва́дьба, -ы",,,,чындзǽхсæв ,,,,,,,,,,
,(у жениха),,,чындзха́ст,,,,,,,,,,
,(у невесты),,,чызгǽрвыст,,,,,,,,,,
"свари́ть, сварю́, сва́ришь",сов.,,,сфы́цын,,,,,,,,,,
"свежевы́павший, -ая, -ее",(о снеге),,,но́гуард,,,,,,,,,,
"сверка́ть, -а́ю, -а́ешь",несов.,,,тæмǽнтæ калын,,,,,,,,,,
,,,,цæхǽр калын,,,,,,,,,,
"сверну́ть, -ну́, -нёшь",сов.,,,ба́тухын,,,,,,,,,,
све́рху,нареч.,,,уæле́йæ,,,,,,,,,,
"свет1, -а",,,,рухс,,,,,,,,,,
"свет2, -а",(мир),,,ду́не,,,,,,,,,,
"све́тлый, -ая, -ое",,,,ра́йдзаст ,,,,,,,,,,
,,,,рухс ,,,,,,,,,,
,,,,ирд,,,,,,,,,,
"свёкла, -ы",,,,цæхǽра,,,,,,,,,,
"свёрток, -тка",,,,тыхто́н,,,,,,,,,,
"свиде́тель, -я",,,,æвди́сæн,,,,,,,,,,
"свиде́тельство, -а",,,,æвди́сæндар,,,,,,,,,,
"свине́ц, -нца",,,,зды,,,,,,,,,,
"свире́ль, -и",,,,уа́дындз,,,,,,,,,,
"свист, -а",,,,къуыззи́тт ,,,,,,,,,,
,,,,æхси́тт,,,,,,,,,,
"свисте́ть, свищу́, свисти́шь",несов.,,,æхси́тт кæнын ,,,,,,,,,,
,,,,къуыззи́тт кæнын,,,,,,,,,,
"свобо́да, -ы",,,,сæри́бардзинад,,,,,,,,,,
свобо́дно,нареч.,,,æдǽрсгæ ,,,,,,,,,,
,,,,сæри́барæй,,,,,,,,,,
"свобо́дный, -ая, -ое",,,1. (вольный) ,сæри́бар,,,,,,,,,,
,,,2. (досужий) ,уæгъд,,,,,,,,,,
"свободолюби́вый, -ая, -ое",,,,сæри́баруарзаг,,,,,,,,,,
"свой, своя, своё",,,1. (родственный),хи́он,,,,,,,,,,
,,,2. (собственный) ,йæхи́,,,,,,,,,,
"св́ойство, -а",,,,æууǽл,,,,,,,,,,
"связа́ть, свяжу́, свя́жешь",сов.,,1. ,ба́бæттын,,,,,,,,,,
,,,2. (спицами) ,сби́йын,,,,,,,,,,
"свя́зывать, -аю, -аешь",несов.,,,бæтты́н,,,,,,,,,,
"связь, -и",,,,ба́стдзинад,,,,,,,,,,
"святи́лище, -а",,,,ку́вæндон,,,,,,,,,,
"свято́й, -а́я, -о́е",,,,уаз ,,,,,,,,,,
,,,,сыгъдǽг,,,,,,,,,,
"свяще́нник, -а",рел.,,,са́уджын,,,,,,,,,,
"сгоре́ть, -рю́, -ри́шь",сов.,,,ба́судзын,,,,,,,,,,
"сгрызть, сгрызу́, сгрызёшь",сов.,,,ба́хсынын,,,,,,,,,,
"сдава́ться, сдаю́сь,  сдаёшься",несов.,,,хи́ дæттын,,,,,,,,,,
"сдви́нуться, -нусь, -нешься",сов.,,,фе́змæлын ,,,,,,,,,,
,,,,фе́нкъуысын,,,,,,,,,,
"сде́лать, -аю, -аешь",сов.,,,скǽнын ,,,,,,,,,,
,,,,ба́кæнын,,,,,,,,,,
"сде́ржанный, -ая, -ое",,,,хи́уылхæцгæ,,,,,,,,,,
"се́вер, -а",,,,цæга́т,,,,,,,,,,
"се́верный, -ая, -ое",,,,цæга́таг,,,,,,,,,,
сего́дня,неизменяем. существ. и нареч.,,,а́бон,,,,,,,,,,
"сего́дняшний, -яя, -ее",,,,а́боны,,,,,,,,,,
"седе́ть, -е́ю, -е́ешь",несов.,,,у́рс кæнын,,,,,,,,,,
"седла́ть, -а́ю, -а́ешь",несов.,,,и́фтындзын,,,,,,,,,,
"седло́, -а́",,,,саргъ,,,,,,,,,,
сейча́с,нареч.,,,ныртǽккæ,,,,,,,,,,
"секре́т, -а",,,,су́сæгдзинад,,,,,,,,,,
"село́, -а",,,,хъæу,,,,,,,,,,
"се́льский, -ая, -ое",,,,хъæукка́г,,,,,,,,,,
"сельскохозя́йственный, -ая, -ое",,,,хъæууо́нхæдзарадон,,,,,,,,,,
"се́мечки, -чек",,,,æхсы́нæнтæ,,,,,,,,,,
"семна́дцать, -и",числит.,,,æвддǽс,,,,,,,,,,
"семь, -и́",числит.,,,авд,,,,,,,,,,
"семьсо́т, семисо́т",числит.,,,а́вдсæдæ,,,,,,,,,,
"семья́, -и",,,,би́нонтæ,,,,,,,,,,
"се́но, -а",,,,хос,,,,,,,,,,
серд́ечно,нареч.,,,зæрди́агæй,,,,,,,,,,
"серде́чный, -ая, -ое",,,,зæрди́аг,,,,,,,,,,
серди́то,нареч.,,,мæсты́хуызæй ,,,,,,,,,,
,,,,мæсты́йæ,,,,,,,,,,
"серд́итый, -ая, -ое",,,,мæсты́,,,,,,,,,,
"серди́ться, сержу́сь, се́рдишься",несов.,,,мæсты́ кæнын,,,,,,,,,,
"се́рдце, -а",,,,зæрдǽ,,,,,,,,,,
"серебр́о, -а",,,,æвзи́ст,,,,,,,,,,
"сере́бряный, -ая, -ое",,,,æвзи́ст,,,,,,,,,,
"середи́на, -ы",,,,а́стæу,,,,,,,,,,
се́рна,зоол.,,,сычъи́,,,,,,,,,,
"се́рый, -ая, ое",,,,цъæх ,,,,,,,,,,
,(пепельный),,,фæны́кхуыз,,,,,,,,,,
"серьга́, -и́",,,,хъу́сцæг,,,,,,,,,,
"сестра́, -ы́",,,,хо,,,,,,,,,,
"сесть, ся́ду, ся́дешь",сов.,,,сба́дын,,,,,,,,,,
"сеть, -и",,,,хыз,,,,,,,,,,
"се́ять, се́ю, се́ешь",несов.,,,та́уын,,,,,,,,,,
"сжечь, сожгу́, сожжёшь",сов.,,,ба́судзын,,,,,,,,,,
сз́ади,нареч.,,,фæсте́,,,,,,,,,,
,,,,фæстæрдыгæй,,,,,,,,,,
"сиде́ть, сижу́, сиди́шь",несов.,,,ба́дын,,,,,,,,,,
"си́ла, -ы",,,,хъару́ ,,,,,,,,,,
,,,,тых,,,,,,,,,,
"си́льный, -ая, -ое",,,1.,тыхджы́н,,,,,,,,,,
,,,2. (тк. о человеке),хъару́джын,,,,,,,,,,
"симпати́чный, -ая, -ое",,,,уындджы́н,,,,,,,,,,
"симфони́ческий, -ая, -ое",,,,симфо́нион,,,,,,,,,,
"си́ний, -яя, -ее",,,,цъæх  ,,,,,,,,,,
,,,,æрвхуы́з цъæх,,,,,,,,,,
"сини́ца, -ы",зоол.,,,дзывы́лдар,,,,,,,,,,
"сказа́ние, -я",,,,ка́дæг,,,,,,,,,,
"сказа́ть, скажу́, ска́жешь",сов.,,,зæгъы́н,,,,,,,,,,
"скази́тель, -я",,,,ка́дæггæнæг,,,,,,,,,,
"ска́зка, -и",,,,а́ргъау,,,,,,,,,,
"сказу́емое, -ого",лингв.,,,зæгъи́наг,,,,,,,,,,
"скала́, -ы́",,,,а́йнæг,,,,,,,,,,
,,,,къæдзǽх,,,,,,,,,,
"ска́терть, -и",,,,стъо́лæмбæрзæн,,,,,,,,,,
"ска́чки, -чек",тк. мн.,,,дугъ,,,,,,,,,,
"скворе́ц, -рца́",зоол.,,,са́уцъиу,,,,,,,,,,
"склеп, -а",,,,зæппа́дз,,,,,,,,,,
"склон, -а",,,,фахс,,,,,,,,,,
"склоне́ние, -я",лингв.,,,та́сындзæг,,,,,,,,,,
"ско́бка, -и",,,,къæлǽт,,,,,,,,,,
"сковорода́, -ы́",,,,те́бæ,,,,,,,,,,
"скользи́ть, скольжу́, скользи́шь",несов.,,,быры́н,,,,,,,,,,
"ско́льзкий, -ая, -ое",,,,быры́нцъаг,,,,,,,,,,
ско́лько,нареч. и союз.сл.  (об определён. колич.) ,,,цал,,,,,,,,,,
,,,,цас,,,,,,,,,,
"скорбь, -и",,,,хъыг,,,,,,,,,,
"скорлупа́, -ы́",,,,хъузг,,,,,,,,,,
ско́ро,нареч.,,,рæхджы́ ,,,,,,,,,,
,,,,тагъд,,,,,,,,,,
"скоси́ть, скошу́, ско́сишь",сов.,,,æркǽрдын,,,,,,,,,,
"скот, -а",тк. ед.,,,фос,,,,,,,,,,
"скро́мный, -ая, -ое",,,,хæдǽфсарм,,,,,,,,,,
"скрыва́ть, -а́ю, -а́ешь",несов.,,,су́сæг кæнын,,,,,,,,,,
"скры́тный, -ая, -ое",,,,æхгǽдзæрдæ,,,,,,,,,,
"скрыть, скро́ю, скро́ешь",сов.,,,ба́сусæг кæнын,,,,,,,,,,
"скупо́й, -а́я, -о́е",,,,чъынды́,,,,,,,,,,
"ску́пость, -и",,,,чъынды́дзинад,,,,,,,,,,
"сла́бый, -ая, -ое",,,,лæмǽгъ,,,,,,,,,,
"сла́ва, -ы",,,,кад,,,,,,,,,,
"сла́дкий, -ая, ое",,,,а́дджын,,,,,,,,,,
"сл́адости, -ей",тк. мн.,,,а́дджинæгтæ,,,,,,,,,,
сле́ва,нареч.,,,га́лиуæрдыгæй,,,,,,,,,,
"след, -а",,,,фæд,,,,,,,,,,
сле́дом,нареч.,,,фǽстæ,,,,,,,,,,
"слеза́, -ы́",,,,цæссы́г,,,,,,,,,,
"слепо́й, -а́я, -о́е",,,,куырм,,,,,,,,,,
"сли́ва, -ы",бот.,,,чыла́уи,,,,,,,,,,
"сли́вки, -вок",тк. мн.,,,æхсы́рысæртæ,,,,,,,,,,
сли́шком,нареч.,,,æгǽр,,,,,,,,,,
"слова́рный, -ая, -ое",,,,дзырдуа́тон,,,,,,,,,,
"слова́рь, -я́",,,,дзырдуа́т,,,,,,,,,,
сло́вно,союз,,,цыма́,,,,,,,,,,
,,,,ра́ст цыма,,,,,,,,,,
"сло́во, -а",,,,дзырд,,,,,,,,,,
"словосочета́ние, -я",лингв.,,,дзырдба́ст,,,,,,,,,,
"слог, -а",лингв.,,,уæнг,,,,,,,,,,
"сло́жный, -ая, -ое",,,1. (из неск. частей),ва́зыгджын,,,,,,,,,,
,,,2. (трудный) ,зын,,,,,,,,,,
"сло́манный, -ая, -ое",,,,саст,,,,,,,,,,
"слома́ть, -а́ю, -а́ешь",сов.,,,а́сæттын,,,,,,,,,,
"слон, -а́",,,,пыл,,,,,,,,,,
"служи́ть, служу́, слу́жишь ",несов.,,1. (работать по найму),лæгга́д кæнын,,,,,,,,,,
,,,2. (быть на воен. службе),слу́жбæ кæнын,,,,,,,,,,
"слу́чай, -я",,,,цау,,,,,,,,,,
случа́йно,нареч.,,,æнǽнхъæлæджы,,,,,,,,,,
"слу́шать, -аю, -аешь",несов.,,,хъу́сын,,,,,,,,,,
"слу́шаться, -аюсь, -аешься",несов.,,,ко́ммæ кæсын,,,,,,,,,,
"слы́шать, -шу, -шишь",несов.,,,хъу́сын,,,,,,,,,,
"слы́шаться, -шусь, -шишься",несов.,,,хъуы́сын,,,,,,,,,,
"сля́кость, -и",,,,цъыф,,,,,,,,,,
"сма́зать, сма́жу, сма́жешь",,,,ба́йсæрдын,,,,,,,,,,
"смека́лка, -и",,,,æрхъуы́ды ,,,,,,,,,,
,,,,æрхъуы́дыдзинад,,,,,,,,,,
сме́ло,нареч.,,,уæндо́нæй,,,,,,,,,,
"сме́лый, -ая, -ое",,,,æхса́рджын,,,,,,,,,,
,,,,уæндо́н,,,,,,,,,,
"смерть, -и",,,,мæлǽт,,,,,,,,,,
"смерте́льный, -ая, -ое",,,,мæлǽтдзаг,,,,,,,,,,
"смета́на, -ы",,,,хъайма́гъ,,,,,,,,,,
"сметь, сме́ю, сме́ешь",несов.,,,уæнды́н ,,,,,,,,,,
,,,,ныфс хǽссын,,,,,,,,,,
"сме́шивать(ся), -аю(сь), -аешь(ся)",несов.,,,æмхǽццæ кæнын,,,,,,,,,,
"смешли́вый, -ая, -ое",,,,ху́даг,,,,,,,,,,
"смешно́й, -а́я, -о́е",,,,ху́дæг,,,,,,,,,,
,,,,ху́дæджы,,,,,,,,,,
"смея́ться, смею́сь, смеёшься",несов.,,,ху́дын,,,,,,,,,,
"сморо́дина, -ы",бот.,,,хъæлǽрдзы,,,,,,,,,,
"смотре́ть, смотрю́, смо́тришь",несов.,,,кæсын,,,,,,,,,,
"смышлёный, -ая, -ое",,,,зæрдǽргъæвд,,,,,,,,,,
снару́жи,нареч.,,,æдде́,,,,,,,,,,
"снаряжа́ть, -а́ю, -а́ешь",несов.,,,рæвдз кǽнын,,,,,,,,,,
"снег, -а",,,,мит,,,,,,,,,,
"снеги́рь, -я́",зоол.,,,ми́тмитгæнаг,,,,,,,,,,
"снегови́к, -а́",,,,ми́тын лæг,,,,,,,,,,
"снеж́инка, -и",,,,ми́тгæлæбу ,,,,,,,,,,
"сн́ежный, -ая, -ое",,,,ми́тджын,,,,,,,,,,
"снежо́к, -жка́",,,,ми́ткъуыбар ,,,,,,,,,,
,,,,ми́ты къуыбар,,,,,,,,,,
сни́зу,нареч.,,,бынǽй,,,,,,,,,,
"снисходи́ть, хожу́, -хо́дишь",несов.,,,сæрмǽ хæссын,,,,,,,,,,
сно́ва,нареч.,,,но́гæй,,,,,,,,,,
"снять, сниму́, сни́мешь",сов.,,1. (раздеть),ра́ласын,,,,,,,,,,
,,,2. (взять),ра́йсын,,,,,,,,,,
,,,3. (поднять),си́сын,,,,,,,,,,
"соба́ка, -и",зоол.,,,куыдз,,,,,,,,,,
"собира́ть, -а́ю, -а́ешь",несов.,,1.,æмбы́рд кæнын ,,,,,,,,,,
,,,2. (что-л. мелкое),уи́дзын,,,,,,,,,,
"собира́ться, -а́юсь, -а́ешься",несов.,,,æмбы́рд кæнын,,,,,,,,,,
"собра́ние, -я",,,,æмбы́рд,,,,,,,,,,
"собра́ть, -беру́, берёшь",сов.,,,æрǽмбырд кæнын,,,,,,,,,,
"собра́ться, -беру́сь, -берёшься",сов.,,,æрǽмбырд уæвын,,,,,,,,,,
"со́бственный, -ая, -ое",,,,сæрма́гонд,,,,,,,,,,
"собы́тие, -я",,,,цау,,,,,,,,,,
"сова́, -ы́",зоол.,,,уыг,,,,,,,,,,
соверше́нно,нареч.,,,бынто́н ,,,,,,,,,,
,,,,зыбы́ты,,,,,,,,,,
"со́вестливый, -ая, -ое",,,,цæсго́мджын,,,,,,,,,,
"со́весть, -и",,,,цæсго́м,,,,,,,,,,
"сове́т, -а",,,,уына́ффæ,,,,,,,,,,
"сове́товать(ся), -ую(сь), -уешь(ся)",несов.,,,уына́ффæ кæнын,,,,,,,,,,
"сове́тский, -ая, -ое",,,,сове́тон,,,,,,,,,,
"сове́тчик, -а",,,,уына́ффæгæнæг,,,,,,,,,,
"совреме́нник, -а",,,,æмду́гон,,,,,,,,,,
"совреме́нный, -ая, -ое",,,,ныры́ккон,,,,,,,,,,
совсе́м,нареч.,,,бынто́н,,,,,,,,,,
,,,,æппы́н,,,,,,,,,,
"согла́сие, -я",,,,ра́зыдзинад,,,,,,,,,,
"согла́сный1, -ая, -ое",,,,ра́зы,,,,,,,,,,
"согла́сный2, -ая",лингв.,,,æмхъǽлæсон,,,,,,,,,,
"согрева́ть, -а́ю, -а́ешь",несов.,,,хъа́рм кæнын,,,,,,,,,,
"согрева́ться, -а́юсь, -а́ешься",несов.,,,тæфсы́н,,,,,,,,,,
"согре́ть, -гре́ю, гре́ешь",сов.,,,ба́тавын,,,,,,,,,,
,,,,схъа́рм кæнын,,,,,,,,,,
"содержа́ние, -я",,,,ми́дис,,,,,,,,,,
"содержа́тельный, -ая, -ое",,,,ми́дисджын,,,,,,,,,,
"соедини́ть, -ню́, -ни́шь",,,,ба́иу кæнын,,,,,,,,,,
"соедини́ться, -ню́сь, -ни́шься",,,,ба́иу уæвын,,,,,,,,,,
"сожале́ние, -я",,,,хъыг ,,,,,,,,,,
"созве́здие, -я",астрон.,,,стъа́лыгуыппар,,,,,,,,,,
"созда́тель, -я",,,,сфǽлдисæг  ,,,,,,,,,,
,,,,скǽнæг,,,,,,,,,,
,,,,са́разæг,,,,,,,,,,
"созда́ть, созда́м, созда́шь",,,,сфǽлдисын,,,,,,,,,,
,,,,скǽнын,,,,,,,,,,
,,,,са́разын,,,,,,,,,,
"со́йка, -и",зоол.,,,хи́уа,,,,,,,,,,
"со́кол, -а",зоол.,,,уа́ри,,,,,,,,,,
"сокро́вищница, -ы",,,,хæзна́дон,,,,,,,,,,
"солда́т, -а",воен.,,,салда́т,,,,,,,,,,
"солёный, -ая, -ое",,,,цæхджы́н,,,,,,,,,,
"со́лнце, -а",,,,хур,,,,,,,,,,
"солове́й, -вья",зоол.,,,бу́лæмæргъ,,,,,,,,,,
"со́лод, -а",,,,зад,,,,,,,,,,
"соло́ма, -ы",,,,хъæмп,,,,,,,,,,
"соло́нка, -и",,,,цæхда́рæн,,,,,,,,,,
"соль, -и",,,,цæхх,,,,,,,,,,
"сомнева́ться, -а́юсь, -а́ешься",несов.,,,дызǽрдыг кæнын ,,,,,,,,,,
,,,,гуыры́схо кæнын,,,,,,,,,,
"сомне́ние, -я",,,,гуыры́схо,,,,,,,,,,
,,,,дызǽрдыг,,,,,,,,,,
"сон, сна",,,,фын,,,,,,,,,,
"сообща́ть, -а́ю, -а́ешь",несов.,,,хъу́сын кæнын,,,,,,,,,,
"соотве́тствовать, -вую, -вуешь",несов.,,,а́ккаг уæвын,,,,,,,,,,
"соотве́тствующий, -ая, -ее",,,,а́ккаг,,,,,,,,,,
"сопротивле́ние, -я",,,,ныхмǽлæуд,,,,,,,,,,
"сорва́ть, -рву́, -рвёшь",сов.,,1. (снять),æрто́нын,,,,,,,,,,
,,,2. (испортить),фе́халын,,,,,,,,,,
"соревнова́ние, -я",,,,е́рыс,,,,,,,,,,
"соревнова́ться, -ну́юсь, -ну́ешься",несов.,,,е́рыс кӕнын,,,,,,,,,,
"сори́ть, -рю, -ришь",сов.,,,быро́н кæнын,,,,,,,,,,
"сорня́к, -а",бот.,,,хæмпǽлгæрдæг,,,,,,,,,,
"соро́ка, -и",зоол.,,,гæркъǽраг,,,,,,,,,,
,,,,дзæгъы́ндзæг,,,,,,,,,,
"сосе́д, -а",,,,сыха́г,,,,,,,,,,
"сосна́, -ы́",бот.,,,нæзы́,,,,,,,,,,
"соста́риться, -рюсь, -ришься",сов.,,,ба́зæронд уæвын,,,,,,,,,,
"состоя́ние, -я",,,,уа́вæр,,,,,,,,,,
"состоя́тельный, -ая, -ое",,,,бо́нджын,,,,,,,,,,
"состоя́ться, -стою́сь, -стои́шься",сов.,,,а́рæзт æрцæуын,,,,,,,,,,
"сосчита́ть, -а́ю, -а́ешь",сов.,,,ба́нымайын,,,,,,,,,,
"соха́, -и́",с.-х.,,,дзывы́р,,,,,,,,,,
"сохрани́ть, -ню́, -ни́шь",сов.,,,ба́хъахъхъæнын ,,,,,,,,,,
,,,,ба́вæрын,,,,,,,,,,
"сочине́ние, -я",,,,нывǽцæн,,,,,,,,,,
"сою́з1, -а",(объединение),,,цæди́с,,,,,,,,,,
"сою́з2, -а",лингв.,,,бæттǽг,,,,,,,,,,
"сою́зный, -ая, -ое",,,,цæди́сон,,,,,,,,,,
"спа́льня, -и",,,,хуыссǽнуат,,,,,,,,,,
"спаса́тель, -я",,,,и́рвæзынгæнæг,,,,,,,,,,
"спаса́ть, -а́ю, -а́ешь",несов.,,,и́рвæзын кæнын,,,,,,,,,,
"спаса́ться, -а́юсь, -а́ешься",несов.,,,и́рвæзын,,,,,,,,,,
спаси́бо,частица,,,бу́зныг,,,,,,,,,,
"спаси́тель, -я",,,,и́рвæзынгæнæг,,,,,,,,,,
"спасти́, спасу́, спасёшь",сов.,,,фе́рвæзын кæнын,,,,,,,,,,
"спасти́сь, спасу́сь, спасёшься",сов.,,,фе́рвæзын,,,,,,,,,,
"спа́ть, сплю, спишь",несов.,,,фынǽй кæнын,,,,,,,,,,
"спе́лый, -ая, -ое",,,,рæгъǽд,,,,,,,,,,
сперва́,нареч.,,,ра́здæр ,,,,,,,,,,
,,,,фыцца́г,,,,,,,,,,
"спеси́вый, -ая, -ое",,,,хъал,,,,,,,,,,
"спеть, спою́, споёшь",сов.,,,а́зарын,,,,,,,,,,
"специа́льность, -и",,,,дæсны́йад,,,,,,,,,,
"специа́льный, -ая, -ое",,,,сæрма́гонд,,,,,,,,,,
"спеши́ть, -шу́, -ши́шь",несов.,,,та́гъд кæнын,,,,,,,,,,
"спина́, -ы́",,,,рагъ ,,,,,,,,,,
,,,,фæсо́нтæ,,,,,,,,,,
"спи́сок, -ска",,,,но́мхыгъд,,,,,,,,,,
"сплоти́ться, 1 и 2 л. ед.ч. нет",,,,æнго́м æрбалæууын ,,,,,,,,,,
,,,,ба́нгом уæвын,,,,,,,,,,
"сплочённость, -и",,,,æнго́мдзинад,,,,,,,,,,
"сплочённый, -ая, -ое",,,,æнго́м,,,,,,,,,,
споко́йно,нареч.,,,æнца́д ,,,,,,,,,,
,,,,са́быр,,,,,,,,,,
"споко́йный, -ая, -ое",,,,æнца́д ,,,,,,,,,,
,,,,са́быр,,,,,,,,,,
"спор, -а",,,,быцǽу,,,,,,,,,,
"спо́рить, -рю, -ришь",несов.,,,быцǽу кæнын,,,,,,,,,,
"спо́соб, -а",,,,мадза́л,,,,,,,,,,
"спосо́бный, -ая, -ое",,,,а́рæхстджын,,,,,,,,,,
"споткну́ться, -ну́сь, -нёшься",сов.,,,фæкǽлын ,,,,,,,,,,
,,,,къа́х скъуырын,,,,,,,,,,
спра́ва,нареч.,,,ра́хизæрдыгæй,,,,,,,,,,
"спра́шивать, -аю, -аешь",несов.,,,фæрсы́н,,,,,,,,,,
"спроси́ть, спрошу́, спро́сишь",сов.,,,ба́фæрсын,,,,,,,,,,
"спряже́ние, -я",лингв.,,,и́фтынддзæг,,,,,,,,,,
"спря́таться, спря́чусь, спря́чешься",сов.,,,ба́мбæхсын ,,,,,,,,,,
,,,,сæр ба́фснайын,,,,,,,,,,
"спусти́ться, спущу́сь, спу́стишься",сов.,,,æрхи́зын,,,,,,,,,,
спустя́,предлог,,,фæстǽ,,,,,,,,,,
"спу́тник, -а",,,,æмбǽлццон,,,,,,,,,,
"спя́щий, -ая, -ее",,,,фынǽй,,,,,,,,,,
"сра́внивать, -аю, -аешь",несов.,,,ба́рын,,,,,,,,,,
"сравни́ть, -ню́ -ни́шь",сов.,,,а́барын,,,,,,,,,,
сра́зу,нареч.,,,уа́йтагъд ,,,,,,,,,,
,,,,уа́йтæккæ,,,,,,,,,,
"среда́, -ы́",(день недели),,,æрты́ццæг,,,,,,,,,,
среди́,предлог,,,æхсǽн,,,,,,,,,,
"сре́дний, -яя, -ее",,,1. (посредственный),рæстǽмбис,,,,,,,,,,
,,,2. (центральный),а́стæуккаг,,,,,,,,,,
"сре́дство, -а",,,,фæрǽз,,,,,,,,,,
"срок, -а",,,,æмгъуы́д,,,,,,,,,,
"сруби́ть, срублю́, сру́бишь",сов.,,,а́калын,,,,,,,,,,
"срыва́ть, -а́ю, -а́ешь",несов.,,,то́нын,,,,,,,,,,
"ссо́ра, -ы",,,,хыл,,,,,,,,,,
"ссо́риться, -рюсь, -ришься",несов.,,,хыл кǽнын,,,,,,,,,,
"ста́вить, -влю, -вишь",несов.,,,æвǽрын,,,,,,,,,,
"ста́до, -а",,,,дзуг ,,,,,,,,,,
,,,,рæгъа́у,,,,,,,,,,
"стака́н, -а",,,,агуы́взæ,,,,,,,,,,
"станцева́ть, -цу́ю, -цу́ешь",сов.,,,а́кафын,,,,,,,,,,
"ста́нция, -и",,,,ста́нцæ,,,,,,,,,,
"стара́ться, -а́юсь, -а́ешься",несов.,,,а́рхайын,,,,,,,,,,
"стари́к, -а́",,,,зæро́нд лæг,,,,,,,,,,
"стари́нный, -ая, -ое",,,,фыдǽлтыккон,,,,,,,,,,
,,,,ра́гон,,,,,,,,,,
"стару́ха, -и",,,,зæро́нд ус,,,,,,,,,,
"ста́рший, -ая, -ее",,,,хи́стæр,,,,,,,,,,
"ста́рый, -ая, -ое",,,,зæро́нд,,,,,,,,,,
"ста́туя, -и",,,,цырт ,,,,,,,,,,
,,,,цыртсу́рæт,,,,,,,,,,
"стать, ста́ну, ста́нешь",сов.,,,суǽвын,,,,,,,,,,
"статья́,  -и́",,,,уац,,,,,,,,,,
"ста́я, -и",,,,бал,,,,,,,,,,
"ствол, -а́",,,1. (растения),зæнг,,,,,,,,,,
,,,2. (оружия),хæтǽл,,,,,,,,,,
"сте́бель, -бля",,,,зæнг,,,,,,,,,,
"стена́, -ы́",,,,къул,,,,,,,,,,
"стесни́тельный, -ая, -ое",,,,æфсǽрмыгæнаг,,,,,,,,,,
"стесня́ться, -я́юсь, -я́ешься",несов.,,,æфсǽрмы кæнын,,,,,,,,,,
"стира́ть1, -а́ю, -а́ешь",сов. (мыть) ,,,æхсы́н,,,,,,,,,,
"стира́ть2, -а́ю, -а́ешь",сов. (удалять) ,,,ха́лын,,,,,,,,,,
"стихи́я, -и",,,,æрдзо́н тых,,,,,,,,,,
"стихотворе́ние, -я",,,,æмдзǽвгæ,,,,,,,,,,
"сто, ста",числит.,,,сæдǽ,,,,,,,,,,
"стог, -а",,,,мæкъуы́л,,,,,,,,,,
"сто́имость, -и",,,,аргъ,,,,,,,,,,
"стол, -а́",,,,фынг,,,,,,,,,,
,,,,стъол,,,,,,,,,,
"столб, -а́",,,,цæджы́ндз ,,,,,,,,,,
"столо́вая, -ой",,,,хæрǽндон,,,,,,,,,,
сто́лько,числит.,,,уы́йас ,,,,,,,,,,
,,,,уы́йбæрц,,,,,,,,,,
"стона́ть, стону́, сто́нешь",несов.,,,хъæрзы́н,,,,,,,,,,
"сторо́на, -ы",,,,фарс,,,,,,,,,,
"сто́ять, стою́, стои́шь",несов.,,,лæууы́н,,,,,,,,,,
"страна́, -ы́",,,,бæстǽ,,,,,,,,,,
"страни́ца, -ы",,,,фарс,,,,,,,,,,
"стра́нный, -ая, -ое",,,,æна́хуыр,,,,,,,,,,
"страх, -а",,,,тас,,,,,,,,,,
"стрела́, -ы́",,,,фат,,,,,,,,,,
"Стреле́ц, -льца",зодиак.,,,Фа́тæхсæг,,,,,,,,,,
"стрело́к, -лка",,,,æхсǽг,,,,,,,,,,
"стреля́ть, -я́ю, -я́ешь",несов.,,,æхсы́н,,,,,,,,,,
"стреми́ться, -млю́сь, -ми́шься",несов.,,,тырны́н,,,,,,,,,,
"стремле́ние, -я",,,,тырны́ндзинад,,,,,,,,,,
"стричь, стригу́, стрижёшь",несов.,,,æлвы́нын,,,,,,,,,,
"строе́ние, -я",,,,а́рæзт,,,,,,,,,,
"строи́тель, -я",,,,а́разæг,,,,,,,,,,
"строи́тельство, -а",,,,а́рæзтад,,,,,,,,,,
"стро́ить, стро́ю, стро́ишь",несов.,,,а́разын,,,,,,,,,,
"стро́иться, стро́юсь, стро́ишься",несов.,,,а́рæзт цæуын,,,,,,,,,,
"стро́йка, -и",,,,а́рæзтад,,,,,,,,,,
"стро́йный, -ая, -ое",,,,хæрзко́нд,,,,,,,,,,
"строка́, -и́",,,,рæнхъ,,,,,,,,,,
"структу́ра, -ы",,,,структу́рæ,,,,,,,,,,
,,,,а́рæзт,,,,,,,,,,
"сту́жа, -и",,,,хъызт,,,,,,,,,,
"стул, -а",,,,ба́ндон,,,,,,,,,,
"ступе́нька, -и",,,,къæпхǽн,,,,,,,,,,
"стуча́ться, -чу́сь, чи́шься",несов.,,,хо́йын,,,,,,,,,,
стыдли́во,нареч.,,,æфсǽрмхуызæй,,,,,,,,,,
"суббо́та, -ы",,,,са́бат,,,,,,,,,,
"сувере́нный, -ая, -ое",,,,хæдба́р,,,,,,,,,,
"сугро́б, -а",,,,ми́ты хъæпæн,,,,,,,,,,
"суд, -а́",,,,тæрхо́ндон,,,,,,,,,,
"суди́ть, сужу́, судишь",несов.,,,тæрхо́н кæнын,,,,,,,,,,
"судьба́, -ы́",,,,хъысмǽт,,,,,,,,,,
"су́зить, су́жу, су́зишь",сов.,,,фæкъуы́ндæгдæр кæнын,,,,,,,,,,
"сукно́, -а́",,,,сгǽллад,,,,,,,,,,
"сумасше́дший, -ая, -ее",,,,æрра́,,,,,,,,,,
"су́мерки, -рек",тк. мн.,,,изǽрмилтæ ,,,,,,,,,,
,,,,изǽрдалынгтæ,,,,,,,,,,
"су́мка, -и",,,,хызы́н,,,,,,,,,,
"супру́га, -и",,,,би́нойнаг,,,,,,,,,,
"суро́вый, -ая, -ое",,,,тызмǽг,,,,,,,,,,
"су́тки, -ток",тк. мн.,,,су́ткæ,,,,,,,,,,
"су́ффикс, -а",лингв.,,,фæсǽфтуан,,,,,,,,,,
"сухо́й, -а́я, -о́е",,,,хус,,,,,,,,,,
,,,,сур,,,,,,,,,,
"су́ша, -и",,,,су́рзæхх,,,,,,,,,,
"существи́тельное, -ого",лингв.,,,но́мдар,,,,,,,,,,
"схо́дство, -а",,,,æмхуы́зондзинад,,,,,,,,,,
"счастли́вый, -ая, -ое",,,,а́мондджын,,,,,,,,,,
"сча́стье, -я",,,,а́монд,,,,,,,,,,
"счёт, -а",тк. ед.,,1. (результат подсчётов),хыгъд,,,,,,,,,,
,,,2. (подсчёт),ныма́д,,,,,,,,,,
"счита́ть, -а́ю, -а́ешь",несов.,,,ныма́йын ,,,,,,,,,,
,,,,хынцы́н,,,,,,,,,,
"счита́ться, -а́юсь, -а́ешься",несов.,,,ныма́д уæвын,,,,,,,,,,
"сы́воротка, -и",,,,сылы́,,,,,,,,,,
"сын, -а",,,,фырт,,,,,,,,,,
"сы́паться, -плюсь, -плешься",несов.,,,кæлы́н,,,,,,,,,,
"сыр, -а",,,,цыхт,,,,,,,,,,
сюда́,нареч.,,,а́рдæм,,,,,,,,,,
"таз, -а",,,,тас,,,,,,,,,,
"та́йна, -ы",,,,су́сæгдзинад,,,,,,,,,,
та́йно,нареч.,,,су́сæгæй,,,,,,,,,,
"та́йный, -ая, -ое",,,,су́сæг,,,,,,,,,,
так,нареч.,,,а́фтæ,,,,,,,,,,
,,,,а́фтæмæй,,,,,,,,,,
"тала́нт, -а",,,,ку́рдиат,,,,,,,,,,
"тала́нтливый, -ая, -ое",,,,ку́рдиатджын,,,,,,,,,,
"та́лия, -и",,,,а́стæу,,,,,,,,,,
там,нареч.,,,уым,,,,,,,,,,
"та́нец, -нца",,,,кафт,,,,,,,,,,
"танцева́ть, -цу́ю, -цу́ешь",несов.,,,ка́фын,,,,,,,,,,
"та́нцы, -ев",(увеселение) тк. мн.,,,хъазт,,,,,,,,,,
"таре́лка, -и",,,,тæбǽгъ,,,,,,,,,,
"та́ять, та́ю, та́ешь",несов.,,,та́йын,,,,,,,,,,
"тверде́ть, -де́ю, -де́ешь",несов.,,,хъæбǽр кæнын,,,,,,,,,,
твёрдо,нареч.,,,фи́дарæй ,,,,,,,,,,
,,,,фи́дар,,,,,,,,,,
"твёрдый, -ая, -ое",,,,хъæбǽр,,,,,,,,,,
"твой, твоя, твоё",местоим. ,,,дæу ,,,,,,,,,,
,,,,дæхи́,,,,,,,,,,
,,,,дæ,,,,,,,,,,
"творе́ц, -рца́",,,,сфǽлдисæг,,,,,,,,,,
"творо́г, -а́",,,,къæдо́р,,,,,,,,,,
"тво́рческий, -ая, -ое",,,,сфǽлдыстадон,,,,,,,,,,
"тво́рчество, -а",,,,сфǽлдыстад,,,,,,,,,,
"Теле́ц, -льца",зодиак.,,,Уæны́г,,,,,,,,,,
"телёнок, -нка",,,,род,,,,,,,,,,
"те́ло, -а",,,,буар,,,,,,,,,,
темно́,в функц. сказ.,,,талы́нг у,,,,,,,,,,
"темнота́, -ы́",,,,та́лынг,,,,,,,,,,
"тень, -и",,,,а́ууон,,,,,,,,,,
тепе́рь,нареч.,,,ныр,,,,,,,,,,
"теплово́й, -а́я, -о́е",,,,хъæрмуа́тон,,,,,,,,,,
"терпе́ть, терплю́, те́рпишь",несов.,,,быхсы́н,,,,,,,,,,
"теря́ть, -я́ю, -я́ешь",несов.,,,са́фын,,,,,,,,,,
"теря́ться, -я́юсь, -я́ешься",несов.,,,сǽфын,,,,,,,,,,
"те́сный, -ая, -ое",,,1.,æнго́м,,,,,,,,,,
,,,2. (не по размеру),къуындǽг,,,,,,,,,,
"те́сто, -а",,,,хыссǽ,,,,,,,,,,
"те́терев, -а",зоол.,,,къуырма́гарк,,,,,,,,,,
"тетра́дь, -и",,,,тетра́д,,,,,,,,,,
"течь, теку́, течёшь",несов.,,,кæлы́н,,,,,,,,,,
,,,,уа́йын,,,,,,,,,,
"тёмный, -ая, -ое",,,,та́лынг,,,,,,,,,,
,,,,тар,,,,,,,,,,
"тёплый, -ая, -ое",,,,хъарм,,,,,,,,,,
"тётя, -и",,,1. (по отцу),фыды́ хо,,,,,,,,,,
,,,2. (по матери),ма́ды хо,,,,,,,,,,
"ти́хий, -ая, -ое",,,,са́быр,,,,,,,,,,
ти́хо,нареч.,,,са́быргай,,,,,,,,,,
"ткань, -и",,,,хъуыма́ц,,,,,,,,,,
"ткать, тку, ткёшь",несов.,,,уа́фын,,,,,,,,,,
то́ есть,союз,,,ома́,,,,,,,,,,
"това́рищ, -а",,,,æмба́л,,,,,,,,,,
тогда́,нареч.,,,уæд,,,,,,,,,,
то́же,союз,,,дæр,,,,,,,,,,
"толка́ть, -а́ю, -а́ешь",несов.,,,схо́йын,,,,,,,,,,
"толко́вый, -ая, -ое",,,,æмба́рынгæнæн,,,,,,,,,,
"то́лстый, -ая, -ое",,,,ставд,,,,,,,,,,
то́лько,нареч.,,,æрмǽст ,,,,,,,,,,
,,,,æрмǽстдæр,,,,,,,,,,
,,,,æцǽг,,,,,,,,,,
"то́нкий, -ая, -ое",,,,тæнǽг,,,,,,,,,,
"то́нуть, тону́, то́нешь",несов.,,,ныгъуы́лын,,,,,,,,,,
"то́пливо, -а",,,,а́ртаг,,,,,,,,,,
"топо́ль, -я",,,,гæды́бæлас,,,,,,,,,,
"топо́р, -а́",,,,фæрǽт,,,,,,,,,,
"топта́ться, топчу́сь, то́пчешься",несов.,,,цо́ппай кæнын,,,,,,,,,,
"торгова́ть, -гую, -гу́ешь",несов.,,,сæудǽджер кæнын ,,,,,,,,,,
,,,,база́р кæнын,,,,,,,,,,
"торго́вец, -вца",,,,база́ргæнæг,,,,,,,,,,
"торго́вля, -и",,,,ба́зарад,,,,,,,,,,
торже́ственно,нареч.,,,ка́дджынæй,,,,,,,,,,
"тот, та, то",местоим.,,,уы́цы,,,,,,,,,,
,,,,уый,,,,,,,,,,
"то́чка, -и",,,,стъæлф,,,,,,,,,,
"то́чный, -ая, -ое",,,,бæлвы́рд,,,,,,,,,,
"трава́, -ы́",,,,кæрдǽг,,,,,,,,,,
"трави́нка, -и",,,,хал,,,,,,,,,,
"тради́ция, -и",,,,æгъда́у,,,,,,,,,,
"тре́бование, -я",,,,до́мæн,,,,,,,,,,
"тре́бовать, -бую, -буешь",несов.,,,до́мын,,,,,,,,,,
"трево́га, -и",,,1. (волнение),ка́тай,,,,,,,,,,
,,,2. (переполох) ,фæди́с,,,,,,,,,,
"трево́житься, -жусь, -жишься",несов.,,,ка́тай кæнын,,,,,,,,,,
"треуго́льник, -а",матем.,,,æртǽкъуымон,,,,,,,,,,
"три, трёх",числит.,,,æртǽ,,,,,,,,,,
"трина́дцать, -и",числит.,,,æрты́ндæс,,,,,,,,,,
"три́ста, трёхсот",числит.,,,æртǽсæдæ,,,,,,,,,,
"тропи́нка, -и",,,,къа́хвæндаг,,,,,,,,,,
"труба́, -ы́",,,,хæтǽл,,,,,,,,,,
"труд, -а́",,,1. (результат работы),фæлло́й,,,,,,,,,,
,,,2. ,куыст,,,,,,,,,,
"труди́ться, тружу́сь, тру́дишься",несов.,,,фæлло́й кæнын,,,,,,,,,,
,,,,ку́сын,,,,,,,,,,
тру́дно,в функц. сказ.,,,зын у́,,,,,,,,,,
"тру́дность, -и",,,,зындзи́над,,,,,,,,,,
"тру́дный, -ая, -ое",,,,зын,,,,,,,,,,
"трудолюби́вый, -ая, -ое",,,,куыстуа́рзаг,,,,,,,,,,
"трудоспосо́бный, -ая, ое",,,,куыстхъо́м,,,,,,,,,,
"трудя́щийся, -щегося",,,,фæлло́йгæнæг,,,,,,,,,,
"трус, -а",,,,нæуǽндаг,,,,,,,,,,
"трусли́вый, -ая, -ое",,,,тæппу́д,,,,,,,,,,
туда́, нареч.,,,уы́рдæм,,,,,,,,,,
"ту́ловище, -а",,,,гуыр,,,,,,,,,,
"тума́н, -а",,,,мигъ,,,,,,,,,,
"тунея́дец, -дца",,,,æвво́нгхор,,,,,,,,,,
"тупо́й, -а́я, -ое",,,,къуымы́х,,,,,,,,,,
"тур1, -а",зоол.,,,дзæби́дыр,,,,,,,,,,
"тур2, -а",(этап),,,тур ,,,,,,,,,,
"туре́цкий, -ая, -ое",,,,ту́ркаг,,,,,,,,,,
"туристи́ческий, -ая, -ое",,,,тури́стон,,,,,,,,,,
"ту́рок, -рка",,,,ту́ркаг,,,,,,,,,,
"ту́ча, -и",,,,мигъ,,,,,,,,,,
"ты, тебя́",местоим.,,,ды,,,,,,,,,,
"ты́ква, -ы",бот.,,,нас,,,,,,,,,,
"ты́сяча, -и",числит.,,,мин,,,,,,,,,,
"тюльпа́н, -а",бот.,,,къо́ппасæр,,,,,,,,,,
"тюрьма́, -ы́",,,,а́хæстон,,,,,,,,,,
"тяжёлый, -ая, -ое",,,1. (о весе),уæзза́у,,,,,,,,,,
,,,2. (сложный),зын,,,,,,,,,,
"тяну́ть, тяну́, тя́нешь",несов.,,,и́вазын,,,,,,,,,,
"убега́ть, -а́ю, -а́ешь",несов.,,,ли́дзын,,,,,,,,,,
"убежа́ть, убегу́, убежи́шь",сов.,,,а́лидзын,,,,,,,,,,
"убива́ть, -а́ю, -а́ешь",несов.,,,ма́рын,,,,,,,,,,
"уби́йца, -ы",,,,ма́рæг,,,,,,,,,,
"убира́ть, -а́ю, -а́ешь",несов.,,1. (собирать; чистить),æфсна́йын,,,,,,,,,,
,,,2. (удалять),и́сын,,,,,,,,,,
"уби́ть, убью́, убьёшь",сов.,,,а́марын,,,,,,,,,,
"убо́рщик, -а",,,,æфсна́йæг,,,,,,,,,,
"убра́ть, уберу́, уберёшь",сов.,,1. (собрать; почистить),ба́фснайын,,,,,,,,,,
,,,2. (удалить),а́йсын,,,,,,,,,,
"уважа́ть, -а́ю, -а́ешь",несов.,,,а́ргъ кæнын,,,,,,,,,,
"уве́зти, -зу́, -зёшь",сов.,,,а́ласын,,,,,,,,,,
"увели́чивать, -аю, -аешь",несов.,,,фылдǽр кæнын,,,,,,,,,,
"увели́чить, -чу, -чишь",сов.,,,фæфы́лдæр кæнын,,,,,,,,,,
"уве́ренность, -и",,,,ныфс,,,,,,,,,,
"уви́деть, уви́жу, уви́дишь",сов.,,,фе́нын,,,,,,,,,,
"углеки́слый, -ая, -ое",хим.,,,æвза́лытуаг,,,,,,,,,,
"углеро́д, -а",хим.,,,æвза́лыгуыр,,,,,,,,,,
"угна́ть, угоню́, уго́нишь",сов.,,1.,а́тæрын,,,,,,,,,,
,,,2. (о животных),а́скъæрын,,,,,,,,,,
"угова́ривать, -аю, -аешь",несов.,,,ха́тын,,,,,,,,,,
"уговори́ть, -рю́, -ри́шь",сов.,,,æрта́сын кæнын,,,,,,,,,,
,,,,сра́зы кæнын,,,,,,,,,,
"у́гол, угла́",,,,къуым,,,,,,,,,,
"у́голь, угля́",,,,æвза́лы,,,,,,,,,,
"угости́ть, угощу́, угости́шь",сов.,,,фæхы́нцын,,,,,,,,,,
"угоща́ться, -а́юсь, -а́ешься",несов.,,,цæл кǽнын,,,,,,,,,,
,,,,ми́нас кæнын,,,,,,,,,,
"угоще́ние, -я",,,,ми́нас,,,,,,,,,,
"угрожа́ть, -а́ю, -а́ешь",несов.,,,æртхъи́рæн кæнын,,,,,,,,,,
"угро́за, -ы",,,,æртхъи́рæн,,,,,,,,,,
"удава́ться, 1 и 2 л.  нет",несов.,,,æнты́сын,,,,,,,,,,
"уда́р, -а",,,,цæф,,,,,,,,,,
"ударе́ние, -я",лингв.,,,цавд,,,,,,,,,,
"уда́рить, -рю, -ришь",сов.,,,ныццǽвын,,,,,,,,,,
"уда́риться, -рюсь, -ришься",сов.,,,хи́ ныццæвын,,,,,,,,,,
"уда́ться, 1 и 2 л. нет",сов.,,,ба́нтысын,,,,,,,,,,
,,,,къу́хы бафтын,,,,,,,,,,
"уда́ча, -и",,,,æнты́ст ,,,,,,,,,,
,,,,æнты́стдзинад,,,,,,,,,,
"удво́енный, -ая, -ое",,,,дывǽргонд,,,,,,,,,,
уделя́ть: внимание,,,,хъу́с дарын,,,,,,,,,,
"удиви́ться, -влю́сь, -ви́шься",сов.,,,ба́дис кæнын,,,,,,,,,,
"удивля́ть, -я́ю, -я́ешь",несов.,,,ди́сы æфтауын,,,,,,,,,,
"удивля́ться, -я́юсь, -я́ешься",несов.,,,ди́с кæнын,,,,,,,,,,
"удово́льствие, -я",,,,æхсы́згондзинад,,,,,,,,,,
"удо́д, а",зоол.,,,го́ппой цъиу,,,,,,,,,,
"удоста́ивать, -аю, -аешь",несов.,,,а́ккаг кæнын,,,,,,,,,,
"у́жин, -а",,,,æхсǽвæр,,,,,,,,,,
"у́жинать, -аю, -аешь",несов.,,,æхсǽвæр хæрын,,,,,,,,,,
"у́зкий, -ая, -ое",,,,на́рæг,,,,,,,,,,
"узна́ть, -а́ю, -а́ешь",сов.,,,ба́зонын,,,,,,,,,,
"узо́рчатый, -ая, -ое",,,,нывǽфтыд,,,,,,,,,,
"уйти́, уйду́, уйдёшь",сов.,,,а́цæуын,,,,,,,,,,
"ука́з, -а",,,,ба́рдзырд,,,,,,,,,,
"укоро́ченный, -ая, -ое",,,,цыбы́ргонд,,,,,,,,,,
"укра́сть, украду́, украдёшь",сов.,,,а́давын,,,,,,,,,,
"украше́ние, -я",,,,фæлы́ндæн,,,,,,,,,,
"укреплённый, -ая, -ое",,,,фи́даргонд,,,,,,,,,,
"укрепля́ть(ся), -я́ю(сь), -я́ешь(ся)",несов.,,,фи́дар кæнын,,,,,,,,,,
"укрыва́ть, -а́ю, -а́ешь",несов.,,1. (накрывать),æмбǽрзын,,,,,,,,,,
,,,2. (прятать),æмбǽхсын,,,,,,,,,,
"укры́ть, укро́ю, укро́ешь",сов.,,1. (накрыть),ба́мбæрзын,,,,,,,,,,
,,,2. (спрятать),ба́мбæхсын,,,,,,,,,,
"укры́ться, укро́юсь, у́кроешься",сов.,,1. (накрыться),хи́ бамбæрзын ,,,,,,,,,,
,,,2. (спрятаться),ба́мбæхсын,,,,,,,,,,
"у́лей, -я",,,,чыргъǽд,,,,,,,,,,
"ули́тка, -и",зоол.,,,сæтǽлæг,,,,,,,,,,
"у́лица, -ы",,,,уынг,,,,,,,,,,
"улы́баться, -а́юсь, -а́ешься",несов.,,,ми́дбылты худын,,,,,,,,,,
"улы́бка, -и",,,,ми́дбылхудт,,,,,,,,,,
"ум, -а́",,,,зонд,,,,,,,,,,
"уме́лый, -ая, -ое",,,,а́рæхстджын,,,,,,,,,,
"уме́ние, -я",,,,арǽхстдзинад ,,,,,,,,,,
,,,,дæсны́дзинад,,,,,,,,,,
"уме́ньшить, -шу, -шишь",сов.,,,фæкъа́ддæр кæнын,,,,,,,,,,
"умере́ть, умру́, умрёшь",сов.,,,а́мæлын,,,,,,,,,,
"уме́ть, уме́ю, уме́ешь",несов.,,,а́рæхсын ,,,,,,,,,,
,,,,зо́нын,,,,,,,,,,
"умира́ть, -а́ю, -а́ешь",несов.,,,мæлы́н,,,,,,,,,,
"у́мный, -ая, -ое",,,,зо́ндджын,,,,,,,,,,
"умоля́ть, -я́ю, -я́ешь",несов.,,,лæгъстǽ кæнын,,,,,,,,,,
"унести́, -су́, -сёшь",сов.,,,а́хæссын,,,,,,,,,,
"уноси́ть, уношу́, уно́сишь",несов.,,,хæссы́н,,,,,,,,,,
"упа́сть, упаду́, упадёшь",сов.,,1.,а́хауын,,,,,,,,,,
,,,2. (вниз),ныхха́уын,,,,,,,,,,
уподоби́тельный: падеж,,,,хуызǽнон хауæн,,,,,,,,,,
"упражне́ние, -я",,,,фæлтǽрæн,,,,,,,,,,
"упра́шивать, -аю, -аешь",несов.,,,лæгъстǽ кæнын,,,,,,,,,,
"упрека́ть, -а́ю, -а́ешь",несов.,,,уа́йдзæф кæнын,,,,,,,,,,
"упрекну́ть, -ну́, -нёшь",сов.,,,ба́уайдзæф кæнын,,,,,,,,,,
"упрёк, -а",,,,уа́йдзæф,,,,,,,,,,
"упря́мство, -а",,,,хи́вæнддзинад,,,,,,,,,,
"упря́мый, -ая, -ое",,,,хи́вæнд,,,,,,,,,,
"у́ровень, -вня",,,,æмвǽзад,,,,,,,,,,
"урожа́й, -я",,,,тыллǽг,,,,,,,,,,
"усло́вие, -я",,,,фа́дат,,,,,,,,,,
"услы́шать, -шу, -шишь",сов.,,,фе́хъусын,,,,,,,,,,
"усомни́ться, -ню́сь, -ни́шься",несов.,,,фæгуы́рысхо уæвын ,,,,,,,,,,
,,,,фæды́зæрдыг уæвын,,,,,,,,,,
"успе́х, -а",,,,æнты́стдзинад,,,,,,,,,,
успе́шно,нареч.,,,æнты́стджынæй,,,,,,,,,,
"успе́шный, -ая, -ое",,,,æнты́стджын,,,,,,,,,,
"успока́ивать, -аю, -аешь",несов.,,,са́быр кæнын,,,,,,,,,,
"успоко́ить, -ко́ю, -ко́ишь",сов.,,,ба́сабыр кæнын,,,,,,,,,,
"успоко́иться, -ко́юсь, -ко́ишься",сов.,,,ба́сабыр уæвын ,,,,,,,,,,
,,,,æрса́быр уæвын,,,,,,,,,,
"устава́ть, устаю́, устаёшь",несов.,,,фæлла́йын,,,,,,,,,,
"уста́виться, -влюсь, -вишься",сов.,,,ныдздза́гъыр уæвын,,,,,,,,,,
"уста́лость, -и",,,,фæлла́д,,,,,,,,,,
"уста́лый, -ая, -ое",,,,фæлла́д,,,,,,,,,,
"уста́ть, уста́ну, уста́нешь",сов.,,,ба́фæллайын,,,,,,,,,,
"устреми́ться, -млю́сь, -ми́шься",сов.,,,а́тындзын,,,,,,,,,,
"устро́йство, -а",,,,а́рæзт,,,,,,,,,,
"у́стье, -я",,,,до́нбакæлæн,,,,,,,,,,
"усы́, усо́в",,,,ри́хитæ,,,,,,,,,,
"утёс, -а",,,,тигъ,,,,,,,,,,
"у́тка, -и",,,,ба́быз,,,,,,,,,,
"утону́ть, утону́, уто́нешь",сов.,,,а́ныгъуылын,,,,,,,,,,
"уточни́ть, -ню́, -ни́шь",сов.,,,фæбǽлвырд кæнын,,,,,,,,,,
"уточня́ть, -а́ю, -а́ешь",несов.,,,бæлвы́рд кæнын,,,,,,,,,,
"у́тро, -а",,,,ра́йсом,,,,,,,,,,
у́тром,нареч.,,,ра́йсомæй,,,,,,,,,,
"у́хо, -а",,,,хъус,,,,,,,,,,
"уча́ствовать, -вую, -вуешь",несов.,,,а́рхайын,,,,,,,,,,
"уча́стие, -я",,,,а́рхайд,,,,,,,,,,
"уча́стник, -а",,,,а́рхайæг,,,,,,,,,,
"уче́бник, -а",,,,а́хуыргæнæн чиныг,,,,,,,,,,
"уче́бный, -ая, -ое",,,,а́хуырадон,,,,,,,,,,
"уче́ние, -я",,,,а́хуырад,,,,,,,,,,
"учени́к, -а́",,,,а́хуырдзау,,,,,,,,,,
"учёба, -ы",,,,а́хуыр,,,,,,,,,,
"учёный, -ого",,,,а́хуыргонд,,,,,,,,,,
"уче́сть, учту́, учтёшь",сов.,,,ба́хынцын,,,,,,,,,,
"учи́тель, -я",,,,а́хуыргæнæг,,,,,,,,,,
"учи́тывать, -аю, -аешь",несов.,,,хынцы́н,,,,,,,,,,
"учи́ть, учу́, у́чишь",несов.,,1. (изучать),а́хуыр кæнын,,,,,,,,,,
,,,2. (обучать),а́монын,,,,,,,,,,
"учи́ться, учу́сь, у́чишься",несов.,,,а́хуыр кæнын,,,,,,,,,,
"учрежде́ние, -я",,,,уа́гдон,,,,,,,,,,
"уще́лье, -я",,,,ком,,,,,,,,,,
"уще́рб, -а",тк. ед.,,,зиа́н,,,,,,,,,,
"ущипну́ть, -ну́, -нёшь",сов.,,,фе́лхыскъ кæнын,,,,,,,,,,
"фами́лия, -и",,,,мыгга́г,,,,,,,,,,
"фасо́ль, -и",,,,хъæду́р,,,,,,,,,,
"фигу́ра, -ы",,,,гуыры́конд,,,,,,,,,,
"физи́ческий, -ая, -ое",,,,фи́зикон,,,,,,,,,,
"флаг, -а",,,,тыры́са,,,,,,,,,,
"фото́граф, -а",,,,хуызи́сæг,,,,,,,,,,
"фотографи́ровать, -рую, -руешь",несов.,,,къа́м исын,,,,,,,,,,
,,,,хуыз и́сын,,,,,,,,,,
"фотогра́фия, -и",,,,къам ,,,,,,,,,,
,,,,хуызи́ст,,,,,,,,,,
"фрукт, -а",,,,дыргъ,,,,,,,,,,
"фунду́к, -а́",,,,æхсǽр,,,,,,,,,,
"хара́ктер, -а",,,,у́дыхъæд,,,,,,,,,,
"хвали́ть, хвалю́, хва́лишь",несов.,,,æппǽлын ,,,,,,,,,,
,,,,ста́уын,,,,,,,,,,
"хва́статься, -аюсь, -аешься",несов.,,,хи́цæй æппæлын,,,,,,,,,,
"хвасту́н, -а́",,,,хи́ппæлой,,,,,,,,,,
"хвата́ть1, -а́ю, -а́ешь",,,,лæбу́рын,,,,,,,,,,
"хвата́ть2,  тк. 3л. ед. ч.",несов. (быть достаточным) ,,,фа́г уæвын ,,,,,,,,,,
"хво́йный, -ая, -ое",,,,хи́хджын,,,,,,,,,,
"хворости́на, -ы",,,,уис,,,,,,,,,,
"хвост, -а́",,,,къæдзи́л ,,,,,,,,,,
"хво́я, -и",тк. ед.,,,хи́хтæ,,,,,,,,,,
"хи́трый, -ая, -ое",,,,хи́нæйдзаг,,,,,,,,,,
,,,,хин,,,,,,,,,,
"хлеб, -а",,,,дзул,,,,,,,,,,
"хлев, -а",,,,скъæт,,,,,,,,,,
"хло́пать, -аю, -ешь",несов.,,,æмдзǽгъд кæнын,,,,,,,,,,
"хло́пок, -пка",,,,бæмбǽг,,,,,,,,,,
"хмель, -я",,,,хуымǽллæг,,,,,,,,,,
"хму́рый, -ая, -ое",,,,та́рдзæсгом ,,,,,,,,,,
,,,,хъуынтъы́з,,,,,,,,,,
"ходи́ть, хожу́, хо́дишь",несов.,,1.,цæуы́н,,,,,,,,,,
,,,"2. (легко, быстро)",уа́йын,,,,,,,,,,
"хозя́ин, -а",,,1.,хи́цау,,,,,,,,,,
,,,2. (для гостя),фысы́м,,,,,,,,,,
"хозя́йство, -а",,,,хæдза́рад,,,,,,,,,,
"холм, -а́",,,,оба́у,,,,,,,,,,
"хо́лод, -а",,,,уа́зал,,,,,,,,,,
хо́лодно,в функц. сказ.,,,уа́зал у,,,,,,,,,,
"холо́дный, -ая, -ое",,,,уа́зал,,,,,,,,,,
"холст, -а́",,,,кæтта́г,,,,,,,,,,
"хорёк, -рька",зоол.,,,тæхсǽл,,,,,,,,,,
хо́ром,нареч.,,,æмхъǽлæсæй ,,,,,,,,,,
,,,,æмдзы́хæй,,,,,,,,,,
"хорони́ть, -роню́, -ро́нишь",несов.,,,ныгǽнын,,,,,,,,,,
"хоро́ший, -ая, -ее",,,,хорз ,,,,,,,,,,
,,,,дзæбǽх,,,,,,,,,,
хорошо́,нареч.,,,хорз,,,,,,,,,,
"хо́чется, тк.3  л.ед. ч.",,,,фæнды́,,,,,,,,,,
,,,,хъæуы́,,,,,,,,,,
"хра́брый, -ая, ое",,,,хъæба́тыр,,,,,,,,,,
"христиани́н, -а",рел.,,,чыры́стон,,,,,,,,,,
"христиа́нский, -ая, -ое",,,,чыры́стон,,,,,,,,,,
"Христо́с, -ста́",рел.,,,Чыры́сти,,,,,,,,,,
"худо́жественный, -ая, -ое",,,,а́ивадон,,,,,,,,,,
"худо́жник, -а",,,,нывгǽнæг,,,,,,,,,,
"худо́й, -а́я, -о́е",,,1.,мæллǽг ,,,,,,,,,,
,,,2. (худощавый),къæсхуы́р,,,,,,,,,,
"ца́рствовать, -ствую, -ствушь",несов.,,,па́ддзахиуæг кæнын,,,,,,,,,,
"царь, -я́",,,,па́ддзах,,,,,,,,,,
"цвести́, цвету́, цветёшь",несов.,,,ди́динæг калын,,,,,,,,,,
"цвет, -а",,,,хуыз,,,,,,,,,,
"цветно́й, -а́я, -о́е",,,,хуызджы́н,,,,,,,,,,
"цвето́к, -тка́",,,,ди́динæг,,,,,,,,,,
целико́м,нареч.,,,æнǽхъæнæй,,,,,,,,,,
"целина́, -ы́",,,,нæуу ,,,,,,,,,,
"це́лый, -ая, -ое",,,,æнǽхъæн,,,,,,,,,,
"цель, -и",,,,ныса́н,,,,,,,,,,
"цена́, -ы́",,,,аргъ,,,,,,,,,,
"цени́ть, ценю́, це́нишь",несов.,,,а́ргъ кæнын,,,,,,,,,,
"центра́льный, -ая, -ое",,,1. (основной),це́нтрон ,,,,,,,,,,
,,,2. (в центре),а́стæуккаг,,,,,,,,,,
"цепь, -и",,,,рæхы́с,,,,,,,,,,
"це́рковь, -кви",рел.,,,а́ргъуан,,,,,,,,,,
"цикло́н, -а",,,,зи́лгæ дымгæ,,,,,,,,,,
"цыга́н, -а",,,,цига́йнаг ,,,,,,,,,,
"цыга́нский, -ая, -ое",,,,цига́йнаг,,,,,,,,,,
"цыплёнок, -нка",,,,ка́рчы цъиу ,,,,,,,,,,
"чай, -я",,,,цай,,,,,,,,,,
"ча́йник, -а",,,,цайда́н,,,,,,,,,,
"час, -а",,,,саха́т,,,,,,,,,,
ча́сто,нареч.,,,а́рæх,,,,,,,,,,
"часть, -и",,,,хай ,,,,,,,,,,
,,,,уæнг,,,,,,,,,,
"часы́, -о́в",тк. мн.,,,саха́т,,,,,,,,,,
"челове́к, -а",тк. ед.,,,а́дæймаг,,,,,,,,,,
"человеколю́бивый, -ая, -ое",,,,а́дæмуарзон,,,,,,,,,,
чем,местоим.,,,цæмǽй,,,,,,,,,,
"червь, -я́",зоол.,,,зулкъ,,,,,,,,,,
"черда́к, -а́",,,,цар,,,,,,,,,,
"черемша́, -и́",бот.,,,да́вон,,,,,,,,,,
"черепа́ха, -и",зоол.,,,уæртджы́н хæфс,,,,,,,,,,
"черепи́ца, -ы",,,,æмбǽрзæн дур,,,,,,,,,,
"черке́ска, -и",,,,цу́хъхъа,,,,,,,,,,
"черни́ка, -и",бот.,,,са́унæмыг,,,,,,,,,,
"черта́, -ы́",,,,хахх,,,,,,,,,,
"черти́ть, черчу́, че́ртишь",несов.,,,ха́хх кæнын,,,,,,,,,,
"чесно́к, -а́",бот.,,,ну́ры,,,,,,,,,,
"че́стный, -ая, -ое",,,,сыгъдǽгзæрдæ ,,,,,,,,,,
,,,,æрго́м,,,,,,,,,,
"честолюби́вый, -ая, -ое",,,,цытуа́рзаг,,,,,,,,,,
"четве́рг, -а́",,,,цыппǽрæм,,,,,,,,,,
"четы́ре, четырёх",числит.,,,цыппа́р,,,,,,,,,,
"четы́реста, четырёхсот",числит.,,,цыппа́рсæдæ,,,,,,,,,,
"четырёхуго́льник, -а",матем.,,,цыппа́ркъуымон,,,,,,,,,,
"четырёхуго́льный, -ая, -ое",,,,цыппǽрдигъон,,,,,,,,,,
"четы́рнадцать, -и",числит.,,,цыппǽрдæс,,,,,,,,,,
"чече́нец, -нца",,,,цæцǽйнаг,,,,,,,,,,
"чече́нский, -ая, -ое",,,,цæцǽйнаг,,,,,,,,,,
"чёрный, -ая, -ое",,,,сау,,,,,,,,,,
"чёрт, -а",,,,хæйрǽг,,,,,,,,,,
"чиж, -а́",зоол.,,,дзылы́,,,,,,,,,,
"чи́сленность, -и",,,,бæрц ,,,,,,,,,,
,,,,нымǽц,,,,,,,,,,
"числи́тельное, -ого",лингв.,,,нымǽцон,,,,,,,,,,
"число́, -а́",,,,нымǽц,,,,,,,,,,
"чи́стить, чи́щу, чи́стишь",несов.,,,сыгъдǽг кæнын,,,,,,,,,,
"чи́стый, -ая, -ое",,,,сыгъдǽг,,,,,,,,,,
"чита́тель, -я",,,,чи́ныгкæсæг,,,,,,,,,,
"чита́ть, -а́ю, а́ешь",несов.,,,кæсы́н,,,,,,,,,,
"чиха́ть, -а́ю, а́ешь",несов.,,,æхсны́рсын,,,,,,,,,,
"чихну́ть, -ну́, -нёшь",сов.,,,æрǽхснырсын,,,,,,,,,,
что,местоим.,,,цы,,,,,,,,,,
что́бы,союз,,,цæмǽй,,,,,,,,,,
что́-то,местоим.,,,цыдǽр,,,,,,,,,,
что́-нибудь,местоим.,,,и́сты,,,,,,,,,,
"чу́вство, -а",,,,æнкъа́рæн,,,,,,,,,,
"чу́вствовать, -вую, -вуешь",несов.,,,æнкъа́рын,,,,,,,,,,
"чугу́н, -а́",,,,цæнгǽт,,,,,,,,,,
"чугу́нный, -ая, -ое",,,,цæнгǽт,,,,,,,,,,
"чуде́сный, -ая, -ое",,,,ди́ссаджы,,,,,,,,,,
"чу́до, -а",тк. ед.,,,ди́ссаг,,,,,,,,,,
"чудо́вищный, -ая, -ое",,,,æви́рхъау ,,,,,,,,,,
,,,,æбуа́лгъ,,,,,,,,,,
"чу́ждый,-ая, -ое",,,,æцǽгæлон,,,,,,,,,,
"чужо́й, -а́я, -о́е",,,,кæйдǽр ,,,,,,,,,,
,,,,и́скæйон,,,,,,,,,,
"чуре́к, -а",,,,нартхо́ры кæрдзын,,,,,,,,,,
"чу́ткий, -ая, -ое",,,,къæрцхъу́с,,,,,,,,,,
"шаг, -а",,,,къа́хдзæф,,,,,,,,,,
"шага́ть, -а́ю, а́ешь",несов.,,,къа́хдзæфтæ кæнын,,,,,,,,,,
"ша́лость, -и",,,,фыдуа́г ми,,,,,,,,,,
"шал́ун, -а́",,,,фыдуа́г,,,,,,,,,,
"ша́пка, -и",,,,худ,,,,,,,,,,
"шар, -а",,,1.,къо́ри ,,,,,,,,,,
,,,2. матем.,тымбы́лæг,,,,,,,,,,
"шарф, -а",,,,хъуырбǽттæн,,,,,,,,,,
"швея́, -и́",,,,хуыйǽг,,,,,,,,,,
"шевели́ть, -лю́, -ли́шь",несов.,,,змǽлын кæнын,,,,,,,,,,
"шерохова́тый, -ая, -ое",,,,дæрзǽг,,,,,,,,,,
"шерсть, -и",,,,къуымби́л,,,,,,,,,,
"шестна́дцать, -и",числит.,,,æхсǽрдæс,,,,,,,,,,
"шесть, -и́",числит.,,,æхсǽз,,,,,,,,,,
"шестьсо́т, шестисо́т",числит.,,,æхсǽзсæдæ,,,,,,,,,,
"ше́я, -и",,,,къу́бал ,,,,,,,,,,
,(сзади),,,бæрзǽй ,,,,,,,,,,
"шёлковый, -ая, -ое",,,,зæлда́г ,,,,,,,,,,
,,,,цы́ллæ,,,,,,,,,,
"шипо́вник, -а",бот.,,,уа́гъылы,,,,,,,,,,
"ширин́а, -ы́",,,,уæрх,,,,,,,,,,
"широ́кий, -ая, -ое",,,,фæтǽн ,,,,,,,,,,
,,,,уæрǽх,,,,,,,,,,
широко́,нареч.,,,уæрǽх,,,,,,,,,,
"шить, шью, шьёшь",несов.,,,хуыйы́н,,,,,,,,,,
"шкаф, -а",,,,скъапп,,,,,,,,,,
"шко́ла, -ы",,,,скъо́ла,,,,,,,,,,
"шко́льник, -а",,,,скъо́ладзау,,,,,,,,,,
"шку́ра, -ы",,,,царм,,,,,,,,,,
"шлифова́ть, -фу́ю, фу́ешь",несов.,,,лæгъз кǽнын,,,,,,,,,,
"шля́па, -ы",(войлочная),,,нымǽтхуд,,,,,,,,,,
"шо́рох, -а",,,,сыбы́ртт,,,,,,,,,,
"шофёр, -а",,,,шо́фыр,,,,,,,,,,
"шрам, -а",,,,нос,,,,,,,,,,
"штраф, -а",,,,и́вар,,,,,,,,,,
"штрафова́ть, -фу́ю, -фу́ешь",несов.,,,и́вар кæнын,,,,,,,,,,
"шу́ба, -ы",,,,кæрц,,,,,,,,,,
"шум, -а",,,1.,уынǽр ,,,,,,,,,,
,,,2. (о споре) ,хъæлǽба,,,,,,,,,,
шу́стро,нареч.,,,цæрдǽг,,,,,,,,,,
"щаве́ль, -я",,,,хуырхǽг,,,,,,,,,,
"ще́бень, -бня",,,,хуыр,,,,,,,,,,
"ще́бет, -а",,,,цъыба́р-цъыбур,,,,,,,,,,
"щебета́ть, -бечу́, -бе́чешь",несов.,,,цъыба́р-цъыбур кæнын,,,,,,,,,,
"щего́л, -ла́",зоол.,,,хъу́лонцъиу,,,,,,,,,,
ще́дро,нареч.,,,рæда́уæй,,,,,,,,,,
"ще́дрый, -ая, -ое",,,,рæда́у,,,,,,,,,,
"щека́, -и́",анат.,,,рус,,,,,,,,,,
,,,,уа́дул,,,,,,,,,,
"щель, -и",,,,зыхъхъы́р,,,,,,,,,,
"щено́к, -нка́",,,,къæбы́ла,,,,,,,,,,
"ще́пка, -и",,,,лыст,,,,,,,,,,
"щи́колотка,- и",анат.,,,фа́дхъул,,,,,,,,,,
"щит, -а́",,,,уарт,,,,,,,,,,
"щу́пать, -аю, -аешь",несов.,,,сга́рын,,,,,,,,,,
"эгои́ст, -а",,,,хи́уарзон,,,,,,,,,,
"экза́мен, -а",,,,фæлва́рæн,,,,,,,,,,
,,,,экза́мен,,,,,,,,,,
"электри́чество, -а",,,,эле́ктрон тых,,,,,,,,,,
"эмоциона́льный, -ая, -ое",,,,эмоциона́лон ,,,,,,,,,,
,,,,æнкъа́рæнджын,,,,,,,,,,
"эпо́ха, -и",,,,дуг,,,,,,,,,,
"эта́ж, -а́",,,,уæла́дзыг,,,,,,,,,,
"э́ти, э́тих",местоим.,,,а́дон,,,,,,,,,,
,,,,а́цы,,,,,,,,,,
э́то,,,1. местоим.,ай,,,,,,,,,,
,,,,уый,,,,,,,,,,
,,,2. частица,уый,,,,,,,,,,
,,,3. прилаг.,а́цы,,,,,,,,,,
"э́тот, э́та, э́то",,,1. местоим.,ай ,,,,,,,,,,
,,,2. прилаг. ,а́цы,,,,,,,,,,
"ю́бка, -и",,,,дæлла́ггуыр,,,,,,,,,,
"ювели́р, -а",,,,зæри́нгуырд,,,,,,,,,,
"юг, -а",,,,ху́ссар,,,,,,,,,,
"ю́жный, -ая, -ое",,,,ху́ссайраг,,,,,,,,,,
"юла́, -ы́",,,,цъил,,,,,,,,,,
"ю́ноша, -и",,,,лæппу́лæг,,,,,,,,,,
"ю́ный, -ая, -ое",,,,æвзо́нг,,,,,,,,,,
"я, меня́",местоим.,,,æз,,,,,,,,,,
"я́блоко, -а",бот.,,,фæткъуы́,,,,,,,,,,
"я́блоня, -и",бот.,,,фæткъуы́ бæлас,,,,,,,,,,
"явле́ние, -я",,,,фæзы́нд,,,,,,,,,,
"явля́ться, -я́юсь, -я́ешься",несов.,,,зыны́н,,,,,,,,,,
"ягнёнок, -нка",зоол.,,,уæры́кк,,,,,,,,,,
"я́года, -ы",бот.,,,га́гадыргъ,,,,,,,,,,
"яд, -а",,,,марг,,,,,,,,,,
"ядови́тый, -ая, -ое",,,,ма́ргджын,,,,,,,,,,
"язы́к, -а́",,,,æвза́г,,,,,,,,,,
"языкозна́ние, -я",,,,æвза́гзонынад,,,,,,,,,,
"яи́чница, -ы",,,,хъа́йла,,,,,,,,,,
"яйцо́, -а",,,,айк,,,,,,,,,,
"я́ма, -ы",,,,дзыхъхъ,,,,,,,,,,
"я́ркий, -ая, -ое",,,,ирд,,,,,,,,,,
я́рко,нареч.,,,и́рдæй,,,,,,,,,,
"я́стреб, -а",,,,хъæрццы́гъа,,,,,,,,,,
"яче́йка, -и",,,,чырǽг,,,,,,,,,,
"ячме́нь, -я",бот.,,,хъæбǽрхор,,,,,,,,,,
"я́щик, -а",,,,а́сыкк,,,,,,,,,,
"а́ист, -а",зоол.,,,къадз ,,,,,,,,,,
"айва́, -ы́",бот.,,,къо́мси,,,,,,,,,,
"акти́вность, -и",,,,акти́вондзинад,,,,,,,,,,
"Алла́х, -а",рел.,,,Алла́х,,,,,,,,,,
"алма́з, -а",,,,а́лмаси,,,,,,,,,,
"балова́ться, -лу́юсь, -лу́ешься","разг., несов.",,,фыдуа́г кæнын,,,,,,,,,,
"ба́ня, -и",,,,а́бана,,,,,,,,,,
"бедня́га, -и",разг.,,,мæгуы́рæг,,,,,,,,,,
,,,,беца́у,,,,,,,,,,
"безгра́мотный, -ая, -ое  ",,,,æна́хуыргонд,,,,,,,,,,
"бездо́мный, -ая, -ое ",,,,æнǽхæдзар,,,,,,,,,,
,,,,дзæгъǽл,,,,,,,,,,
"безнра́вственный, -ая, -ое ",,,,æнǽгъдау,,,,,,,,,,
"безрабо́тный, -ая, -ое ",,,,æгуы́ст,,,,,,,,,,
"безуда́рный, -ая, -ое",лингв.,,,æнǽцавдон ,,,,,,,,,,
бе́режно,нареч.,,,хъа́вгæйæ,,,,,,,,,,
,,,,а́рæхстгай,,,,,,,,,,
"беспоко́йный, -ая, -ое",,,,æнǽнцой,,,,,,,,,,
"бесполе́зный, -ая, -ое ",,,,æнǽпайда,,,,,,,,,,
,,,,дзæгъǽл,,,,,,,,,,
благодаря́,предлог,,,фæрцы́,,,,,,,,,,
,,,,руа́джы,,,,,,,,,,
"бледне́ть, -е́ю, -е́ешь",несов.,,,фæлу́рс кæнын,,,,,,,,,,
"блюдо́, -а",,,,тæбǽгъ,,,,,,,,,,
бо́ком,нареч.,,,фæрсмǽ,,,,,,,,,,
"болта́ть, -а́ю, -а́ешь","разг., несов.",,,дзæнгǽда цæгъдын,,,,,,,,,,
,,,,дзæгъǽлдзырд кæнын,,,,,,,,,,
"болту́н, -а́",разг.,,,дзу́раг,,,,,,,,,,
,,,,къæбǽда,,,,,,,,,,
,,,,дзæгъǽлдзых,,,,,,,,,,
"борода́вка, -и",,,,бызы́чъи,,,,,,,,,,
"бо́чка, -и",,,,бо́цкъа,,,,,,,,,,
"бра́тский, -ая, -ое ",,,,æфсы́мæрон,,,,,,,,,,
,,,,æфсы́мæры,,,,,,,,,,
"бревно́, -а",,,,хъæд,,,,,,,,,,
"брусни́ка, -и, ",бот.,,,мæцкъуы́,,,,,,,,,,
"брыз́ги, брызг",тк. мн.,,,пырхǽнтæ,,,,,,,,,,
"бу́йвол, -а",зоол.,,,къа́мбец,,,,,,,,,,
"бума́га, -и",,,,гæххǽтт,,,,,,,,,,
"бума́жник, -а",,,,æхца́дон,,,,,,,,,,
"бума́жный, -ая, -ое ",,,,гæххǽттын,,,,,,,,,,
"бу́рка, -и",,,,нымǽт,,,,,,,,,,
"вдох, -а",,,,су́лæфт,,,,,,,,,,
"ве́ко, -а",анат.,,1. (верхнее),уæлтъы́фал,,,,,,,,,,
,,,2. (нижнее),дæлтъыфал,,,,,,,,,,
"ве́на, -ы, ",анат.,,,ту́гдадзин,,,,,,,,,,
"верблю́д, -а",зоол.,,,те́уа,,,,,,,,,,
"верх, -а",,,,сæр,,,,,,,,,,
,(верхушка),,,цъупп,,,,,,,,,,
"весну́шка, -и ",,,,дзыгъуы́р,,,,,,,,,,
взаймы́,нареч.,,,æфста́у,,,,,,,,,,
взаме́н,нареч. и предлог,,,бæсты́,,,,,,,,,,
"вну́тренность, -и",,,,хуылф,,,,,,,,,,
вове́к,нареч.,,,æну́смæ,,,,,,,,,,
"возду́шный, -ая, -ое",,,,уæлдǽфон,,,,,,,,,,
"волчо́нок, -нка",,,,би́рæгъы лæппын,,,,,,,,,,
"воротни́к, - а́ ",,,,æфцǽггот,,,,,,,,,,
"ворча́ть, -чу́, -чи́шь",несов.,,,хъуыр-хъуы́р кæнын,,,,,,,,,,
"го́лубь, -я",зоол.,,,бæло́н,,,,,,,,,,
"гри́ва, -ы",,,,барц,,,,,,,,,,
"дупло́, -а́",,,,мæра́,,,,,,,,,,
"жук, -а́",зоол.,,,хъæнди́л,,,,,,,,,,
"земляни́ка, -и",,,,æры́скъæф,,,,,,,,,,
"иго́лка, -и,  ",,,,су́дзин,,,,,,,,,,
"израсхо́довать, -дую, -дуешь, ",сов.,,,сха́рдз кæнын,,,,,,,,,,
"моги́ла, -ы",,,,и́нгæн,,,,,,,,,,
и́скоса,нареч.,,,зу́лмæ,,,,,,,,,,
"кавы́чки, -чек ","тк. мн., лингв.",,,дыкъǽдзыгтæ,,,,,,,,,,
"кизи́л, -а",бот.,,,цым,,,,,,,,,,
"кнут, -а́",,,,ехс,,,,,,,,,,
ко́рточки: на корточках    ,,,,дзу́ццæджы,,,,,,,,,,
"ко́ршун, -а,   ",зоол.,,,цъи́усур,,,,,,,,,,
"коса́2, -ы́    ",,,,цæвæг,,,,,,,,,,
"косо́й, -а́я, -о́е",,,,зул,,,,,,,,,,
"кури́ть, курю́, ку́ришь",несов.,,,тама́ко дымын  ,,,,,,,,,,
"ли́вень, -вня ",,,,тæрккъǽвда,,,,,,,,,,
"ме́ра, -ы",,,,бæрц,,,,,,,,,,
"мы́шца, -ы",анат.,,,хæцъǽф,,,,,,,,,,
"напёрсток, -тка",,,,æнгуы́рстуан ,,,,,,,,,,
"о́бруч, -а",,,,тæлы́,,,,,,,,,,
"объясни́ть, -ню́, -ни́шь ",сов.,,,ба́цамонын,,,,,,,,,,
,,,,ба́мбарын кæнын,,,,,,,,,,
"объясня́ть, -я́ю, -я́ешь",несов.,,,а́монын,,,,,,,,,,
,,,,æмба́рын кæнын,,,,,,,,,,
"овра́г, -а",,,,а́даг,,,,,,,,,,
"па́ра, -ы",,,,къай,,,,,,,,,,
"пила́, -ы́",,,,хырх,,,,,,,,,,
"пили́ть, пилю́, пи́лишь",несов.,,,фа́дын,,,,,,,,,,
"прируча́ть, -а́ю, -а́ешь",несов.,,,æрма́хуыр кæнын,,,,,,,,,,
"прыщ, -а́     ",,,,цъу́тхал,,,,,,,,,,
"крапи́ва, -ы",,,,пысы́ра,,,,,,,,,,
"расще́лина, -ы   ",,,,цъасс,,,,,,,,,,
"рок, -а",(судьба),,,адза́л,,,,,,,,,,
"са́жа, -и",,,,сæг,,,,,,,,,,
"шнур, -а́",,,,сина́г,,,,,,,,,,
"си́то, -а",,,,са́сир,,,,,,,,,,
"скорогово́рка, -и     ",,,,та́гъддзуринаг,,,,,,,,,,
"сочиня́ть, -я́ю, -я́ешь  ",несов.,,,мы́сын,,,,,,,,,,
,,,,хъуыды́ кæнын,,,,,,,,,,
"стре́лка, -и",,,,фа́тæг,,,,,,,,,,
"теле́га, -и",,,,уæрдо́н,,,,,,,,,,
"узде́чка, -и ",,,,и́дон,,,,,,,,,,
"хи́щный, -ая, -ое   ",,,,ту́гдзых,,,,,,,,,,
"холоди́льник, -а",,,,уа́залгæнæн,,,,,,,,,,
"чабре́ц, -а́",,,,дже́джджын,,,,,,,,,,
"ши́шка, -и  ",бот.,,,гыркъо́,,,,,,,,,,
"эпиде́мия, -и",,,,рын,,,,,,,,,,
"муха, -и",зоол.,,,бындз,,,,,,,,,,
отовсю́ду,нареч.,,,а́лырдыгæй,,,,,,,,,,
,,,,,,,,,,,,,,
ГЕОГРАФИЧЕСКИЕ НАЗВАНИЯ ,,,,,,,,,,,,,,
Алаги́р,,,,Алаги́р,,,,,,,,,,
Алаги́рское ущелье,,,,Уæлла́джыры ком,,,,,,,,,,
А́нглия,,,,А́нглис,,,,,,,,,,
Ардо́н,,,,Æры́дон,,,,,,,,,,
Арме́ния,,,,Со́мих,,,,,,,,,,
Бесла́н,,,,Беслǽн ,,,,,,,,,,
,,,,Беслǽныхъæу,,,,,,,,,,
Владикавка́з,,,,Дзǽуджыхъæу,,,,,,,,,,
Герма́ния,,,,Герма́н,,,,,,,,,,
Гре́ция,,,,Бердзе́н,,,,,,,,,,
Гро́зный,,,,Гро́зна,,,,,,,,,,
Гру́зия,,,,Гуырдзы́стон,,,,,,,,,,
Дарья́льское уще́лье,,,,Дайра́ныком,,,,,,,,,,
Дза́уский район,,,,Дза́уы район,,,,,,,,,,
Диго́рское уще́лье,,,,Дыгу́ргом,,,,,,,,,,
Еги́пет,,,,Мысы́р,,,,,,,,,,
Закавка́зье,,,,Фæска́вказ,,,,,,,,,,
Кабарди́но-Балкария,,,,Кǽсæг-Балхъар,,,,,,,,,,
Каспи́йское море,,,,Хъа́спы денджыз,,,,,,,,,,
Коба́нское уще́лье,,,,Хъо́бангом,,,,,,,,,,
Куртати́нское уще́лье,,,,Куыртта́ты ком,,,,,,,,,,
Моздо́к,,,,Мæздǽг,,,,,,,,,,
Москва́,,,,Мæскуы́,,,,,,,,,,
Назра́нь,,,,Назра́н,,,,,,,,,,
Осе́тия,,,,Иры́стон,,,,,,,,,,
Росси́йская Федера́ция,,,,Уæрǽсейы Федераци,,,,,,,,,,
Росси́я,,,,Уæрǽсе,,,,,,,,,,
Са́нкт-Петербург,,,,Бетъы́рбух,,,,,,,,,,
Се́верная Осети́я-Алания,,,,Цæга́т Ирыстон-Алани,,,,,,,,,,
Соединённые Шта́ты Аме́рики,,,,Америкæйы Иугонд Штаттæ,,,,,,,,,,
Ста́врополь,,,,Стъа́рапол,,,,,,,,,,
Фра́нция,,,,Франц,,,,,,,,,,
,,,,Фра́нци,,,,,,,,,,
Чикола́,,,,Цыко́ла,,,,,,,,,,
Ю́жная Осе́тия,,,,Ху́ссар Ирыстон,,,,,,,,,,
Япо́ния,,,,Япо́н,,,,,,,,,,